team1,team2,score1,score2,first_half_goals1,first_half_goals2,formation_used1,formation_used2,possession_percentage1,possession_percentage2,shot_off_target1,shot_off_target2,touches1,touches2,total_pass1,total_pass2,long_pass_own_to_opp_success1,long_pass_own_to_opp_success2,pen_area_entries1,pen_area_entries2,final_third_entries1,final_third_entries2,total_fwd_zone_pass1,total_fwd_zone_pass2,total_final_third_passes1,total_final_third_passes2,attempts_obox1,attempts_obox2,attempts_ibox1,attempts_ibox2,total_offside1,total_offside2,total_tackle1,total_tackle2,blocked_pass1,blocked_pass2,interception1,interception2,total_back_zone_pass1,total_back_zone_pass2,fk_foul_lost1,fk_foul_lost2
Arsenal,Everton,3,1,2.0,0.0,3421.0,433.0,49.5,50.5,3.0,8.0,621.0,603.0,438.0,428.0,49.0,44.0,28.0,50.0,47.0,69.0,291.0,339.0,141.0,173.0,4.0,7.0,13.0,15.0,1.0,0.0,18.0,10.0,8.0,8.0,11.0,8.0,155.0,122.0,10.0,15.0
Burnley,West Ham United,1,2,1.0,1.0,442.0,3421.0,44.7,55.3,7.0,5.0,563.0,660.0,396.0,489.0,49.0,37.0,34.0,26.0,81.0,65.0,268.0,307.0,128.0,133.0,0.0,0.0,0.0,0.0,3.0,0.0,12.0,13.0,12.0,12.0,7.0,10.0,143.0,203.0,11.0,14.0
Chelsea,Sunderland,5,1,1.0,1.0,3421.0,3511.0,70.5,29.5,12.0,2.0,813.0,440.0,643.0,269.0,42.0,35.0,44.0,11.0,53.0,40.0,409.0,133.0,253.0,56.0,0.0,0.0,0.0,0.0,1.0,0.0,16.0,17.0,11.0,11.0,7.0,14.0,261.0,144.0,8.0,15.0
Hull City,Tottenham Hotspur,1,7,3.0,0.0,3421.0,4231.0,34.7,65.3,4.0,3.0,474.0,802.0,310.0,600.0,32.0,54.0,16.0,45.0,34.0,87.0,138.0,416.0,48.0,208.0,0.0,0.0,0.0,0.0,2.0,0.0,19.0,14.0,17.0,17.0,19.0,11.0,183.0,204.0,14.0,5.0
Leicester City,AFC Bournemouth,1,1,1.0,0.0,442.0,4411.0,48.6,51.4,9.0,2.0,629.0,649.0,412.0,446.0,42.0,26.0,48.0,14.0,62.0,49.0,291.0,286.0,127.0,147.0,0.0,0.0,0.0,0.0,5.0,1.0,26.0,20.0,13.0,13.0,12.0,14.0,146.0,171.0,11.0,10.0
Liverpool,Middlesbrough,3,0,1.0,0.0,41212.0,433.0,73.8,26.2,9.0,3.0,929.0,434.0,752.0,260.0,58.0,33.0,38.0,22.0,87.0,61.0,472.0,168.0,245.0,90.0,0.0,0.0,0.0,0.0,1.0,0.0,14.0,15.0,14.0,14.0,5.0,16.0,297.0,102.0,13.0,8.0
Manchester United,Crystal Palace,2,0,2.0,0.0,433.0,433.0,58.8,41.2,3.0,2.0,727.0,537.0,542.0,360.0,35.0,32.0,13.0,34.0,57.0,74.0,306.0,249.0,136.0,148.0,0.0,0.0,0.0,0.0,1.0,0.0,25.0,14.0,19.0,19.0,14.0,14.0,244.0,134.0,16.0,10.0
Southampton,Stoke City,0,1,0.0,0.0,4231.0,3421.0,61.0,39.0,4.0,6.0,686.0,510.0,512.0,319.0,47.0,41.0,34.0,41.0,70.0,67.0,327.0,234.0,166.0,111.0,0.0,0.0,0.0,0.0,3.0,2.0,11.0,16.0,12.0,12.0,11.0,22.0,206.0,108.0,12.0,10.0
Swansea City,West Bromwich Albion,2,1,1.0,0.0,433.0,3511.0,65.3,34.7,6.0,6.0,795.0,500.0,589.0,316.0,49.0,35.0,42.0,26.0,71.0,52.0,392.0,218.0,164.0,111.0,0.0,0.0,0.0,0.0,1.0,0.0,17.0,18.0,19.0,19.0,12.0,12.0,237.0,120.0,8.0,10.0
Watford,Manchester City,0,5,4.0,0.0,4231.0,4231.0,32.9,67.1,2.0,5.0,440.0,789.0,297.0,620.0,33.0,55.0,13.0,26.0,36.0,70.0,139.0,356.0,56.0,184.0,1.0,4.0,5.0,11.0,2.0,0.0,20.0,19.0,7.0,7.0,14.0,9.0,168.0,271.0,12.0,10.0
Leicester City,Tottenham Hotspur,1,6,2.0,0.0,442.0,3421.0,37.3,62.7,3.0,11.0,519.0,781.0,321.0,561.0,22.0,60.0,20.0,30.0,48.0,59.0,201.0,318.0,88.0,163.0,0.0,0.0,0.0,0.0,4.0,2.0,24.0,17.0,12.0,12.0,13.0,8.0,141.0,258.0,11.0,8.0
Southampton,Manchester United,0,0,0.0,0.0,433.0,4231.0,52.8,47.2,7.0,8.0,647.0,616.0,484.0,450.0,44.0,47.0,31.0,20.0,56.0,55.0,283.0,291.0,131.0,121.0,0.0,0.0,0.0,0.0,3.0,0.0,12.0,9.0,24.0,24.0,9.0,12.0,225.0,165.0,7.0,10.0
Manchester City,West Bromwich Albion,3,1,2.0,0.0,4141.0,4141.0,70.8,29.2,9.0,2.0,870.0,456.0,686.0,282.0,44.0,25.0,36.0,12.0,74.0,46.0,464.0,154.0,208.0,70.0,0.0,0.0,0.0,0.0,2.0,1.0,24.0,11.0,7.0,7.0,14.0,28.0,241.0,138.0,8.0,11.0
Arsenal,Sunderland,2,0,0.0,0.0,3421.0,352.0,62.5,37.5,10.0,2.0,744.0,508.0,543.0,336.0,44.0,22.0,58.0,22.0,49.0,43.0,402.0,200.0,227.0,90.0,0.0,0.0,0.0,0.0,2.0,3.0,9.0,15.0,13.0,13.0,11.0,10.0,171.0,146.0,15.0,10.0
Chelsea,Watford,4,3,2.0,1.0,3421.0,3511.0,47.1,52.9,7.0,5.0,662.0,713.0,456.0,522.0,36.0,40.0,25.0,11.0,44.0,44.0,252.0,243.0,141.0,85.0,0.0,0.0,0.0,0.0,4.0,2.0,32.0,12.0,22.0,22.0,12.0,15.0,215.0,287.0,7.0,12.0
Tottenham Hotspur,Manchester United,2,1,1.0,0.0,4231.0,4231.0,60.0,40.0,5.0,6.0,724.0,564.0,530.0,356.0,52.0,32.0,29.0,20.0,79.0,39.0,322.0,181.0,169.0,87.0,0.0,0.0,0.0,0.0,2.0,1.0,18.0,17.0,26.0,26.0,11.0,15.0,226.0,186.0,14.0,15.0
West Ham United,Liverpool,0,4,1.0,0.0,3421.0,41212.0,33.3,66.7,6.0,14.0,462.0,765.0,289.0,594.0,33.0,56.0,21.0,38.0,45.0,75.0,178.0,326.0,71.0,155.0,0.0,0.0,0.0,0.0,3.0,3.0,14.0,16.0,8.0,8.0,10.0,8.0,126.0,286.0,5.0,10.0
Crystal Palace,Hull City,4,0,2.0,0.0,4231.0,4411.0,29.7,70.3,7.0,6.0,384.0,659.0,200.0,487.0,14.0,39.0,24.0,43.0,64.0,77.0,149.0,329.0,101.0,175.0,0.0,0.0,0.0,0.0,3.0,1.0,19.0,13.0,16.0,16.0,13.0,6.0,65.0,183.0,13.0,14.0
Stoke City,Arsenal,1,4,1.0,0.0,4231.0,3421.0,33.2,66.8,3.0,3.0,472.0,802.0,287.0,607.0,27.0,43.0,29.0,36.0,42.0,57.0,195.0,388.0,90.0,159.0,0.0,0.0,0.0,0.0,3.0,2.0,21.0,16.0,17.0,17.0,9.0,9.0,114.0,236.0,13.0,7.0
AFC Bournemouth,Burnley,2,1,1.0,0.0,4411.0,442.0,54.9,45.1,6.0,7.0,675.0,561.0,488.0,397.0,49.0,49.0,26.0,23.0,61.0,66.0,263.0,271.0,166.0,121.0,0.0,0.0,0.0,0.0,3.0,5.0,11.0,21.0,14.0,14.0,19.0,12.0,234.0,139.0,6.0,11.0
Middlesbrough,Southampton,1,2,1.0,0.0,433.0,433.0,41.8,58.2,5.0,6.0,531.0,693.0,367.0,522.0,35.0,42.0,34.0,31.0,55.0,60.0,241.0,297.0,114.0,130.0,0.0,0.0,0.0,0.0,2.0,0.0,11.0,12.0,18.0,18.0,10.0,9.0,146.0,246.0,19.0,11.0
Manchester City,Leicester City,2,1,2.0,1.0,4141.0,442.0,65.8,34.2,5.0,3.0,740.0,453.0,541.0,276.0,38.0,26.0,36.0,21.0,63.0,59.0,334.0,162.0,177.0,76.0,0.0,0.0,0.0,0.0,0.0,0.0,15.0,17.0,17.0,17.0,11.0,22.0,228.0,130.0,12.0,16.0
West Bromwich Albion,Chelsea,0,1,0.0,0.0,4141.0,3421.0,32.4,67.6,2.0,10.0,436.0,746.0,262.0,571.0,33.0,46.0,24.0,42.0,49.0,70.0,196.0,413.0,89.0,249.0,0.0,0.0,0.0,0.0,3.0,1.0,18.0,7.0,7.0,7.0,15.0,5.0,88.0,177.0,13.0,8.0
Everton,Watford,1,0,0.0,0.0,433.0,352.0,62.1,37.9,4.0,6.0,768.0,537.0,538.0,317.0,52.0,35.0,35.0,50.0,69.0,63.0,352.0,229.0,170.0,136.0,0.0,0.0,0.0,0.0,2.0,1.0,12.0,16.0,8.0,8.0,15.0,18.0,215.0,113.0,7.0,11.0
Southampton,Arsenal,0,2,0.0,0.0,4231.0,3421.0,47.0,53.0,8.0,3.0,634.0,682.0,433.0,504.0,35.0,38.0,34.0,34.0,54.0,63.0,288.0,353.0,144.0,178.0,0.0,0.0,0.0,0.0,2.0,1.0,10.0,16.0,17.0,17.0,16.0,13.0,178.0,168.0,8.0,5.0
Chelsea,Middlesbrough,3,0,2.0,0.0,3421.0,433.0,57.1,42.9,11.0,0.0,775.0,620.0,619.0,466.0,47.0,43.0,42.0,20.0,61.0,59.0,373.0,260.0,210.0,97.0,0.0,0.0,0.0,0.0,2.0,0.0,14.0,13.0,16.0,16.0,7.0,12.0,261.0,214.0,8.0,21.0
Arsenal,Manchester United,2,0,0.0,0.0,3421.0,433.0,50.0,50.0,1.0,4.0,705.0,707.0,524.0,530.0,37.0,39.0,24.0,25.0,54.0,57.0,361.0,276.0,153.0,125.0,0.0,0.0,0.0,0.0,2.0,4.0,19.0,22.0,14.0,14.0,5.0,17.0,183.0,273.0,14.0,10.0
Liverpool,Southampton,0,0,0.0,0.0,433.0,451.0,64.9,35.1,4.0,3.0,814.0,520.0,599.0,318.0,49.0,25.0,43.0,23.0,98.0,45.0,427.0,175.0,234.0,78.0,0.0,0.0,0.0,0.0,1.0,3.0,13.0,22.0,16.0,14.0,17.0,14.0,192.0,161.0,9.0,4.0
Swansea City,Everton,1,0,1.0,0.0,4312.0,433.0,37.6,62.4,2.0,5.0,543.0,756.0,341.0,568.0,29.0,66.0,30.0,37.0,54.0,84.0,190.0,369.0,103.0,178.0,0.0,0.0,0.0,0.0,0.0,0.0,19.0,11.0,13.0,13.0,10.0,7.0,172.0,233.0,5.0,13.0
Burnley,West Bromwich Albion,2,2,0.0,0.0,442.0,4141.0,55.1,44.9,5.0,1.0,570.0,503.0,383.0,306.0,36.0,31.0,44.0,29.0,79.0,64.0,255.0,234.0,123.0,111.0,0.0,0.0,0.0,0.0,3.0,1.0,11.0,14.0,15.0,15.0,9.0,7.0,151.0,98.0,9.0,14.0
Leicester City,Watford,3,0,1.0,0.0,442.0,352.0,41.9,58.1,3.0,5.0,541.0,709.0,333.0,487.0,35.0,51.0,37.0,32.0,47.0,59.0,240.0,299.0,107.0,122.0,0.0,0.0,0.0,0.0,5.0,4.0,24.0,12.0,16.0,16.0,17.0,14.0,122.0,211.0,8.0,10.0
Manchester City,Crystal Palace,5,0,1.0,0.0,4141.0,433.0,69.2,30.8,10.0,2.0,816.0,443.0,611.0,266.0,55.0,29.0,46.0,23.0,60.0,54.0,427.0,175.0,234.0,92.0,0.0,0.0,0.0,0.0,2.0,0.0,16.0,17.0,12.0,12.0,14.0,16.0,205.0,102.0,12.0,8.0
West Ham United,Tottenham Hotspur,1,0,0.0,0.0,3421.0,4231.0,32.4,67.6,7.0,4.0,483.0,744.0,272.0,571.0,32.0,53.0,18.0,37.0,46.0,94.0,192.0,379.0,101.0,180.0,0.0,0.0,0.0,0.0,3.0,0.0,14.0,17.0,16.0,16.0,18.0,5.0,94.0,216.0,8.0,9.0
Watford,Liverpool,0,1,1.0,0.0,352.0,433.0,40.0,60.0,4.0,2.0,556.0,757.0,357.0,537.0,36.0,48.0,22.0,26.0,71.0,72.0,182.0,356.0,102.0,174.0,0.0,0.0,0.0,0.0,6.0,0.0,20.0,12.0,21.0,21.0,14.0,11.0,189.0,203.0,11.0,9.0
Tottenham Hotspur,Arsenal,2,0,0.0,0.0,4231.0,3421.0,51.2,48.8,6.0,4.0,633.0,609.0,416.0,405.0,30.0,35.0,40.0,33.0,58.0,48.0,286.0,239.0,148.0,118.0,0.0,0.0,0.0,0.0,2.0,5.0,14.0,21.0,21.0,21.0,8.0,5.0,157.0,181.0,7.0,15.0
Everton,Chelsea,0,3,0.0,0.0,4231.0,3421.0,49.5,50.5,7.0,3.0,600.0,636.0,423.0,426.0,60.0,34.0,16.0,28.0,79.0,55.0,257.0,243.0,112.0,132.0,0.0,0.0,0.0,0.0,2.0,1.0,21.0,12.0,8.0,8.0,15.0,11.0,176.0,195.0,13.0,11.0
Middlesbrough,Manchester City,2,2,1.0,0.0,433.0,3412.0,31.9,68.1,6.0,10.0,443.0,748.0,256.0,540.0,24.0,43.0,23.0,54.0,37.0,63.0,190.0,418.0,77.0,210.0,0.0,0.0,0.0,0.0,1.0,1.0,15.0,10.0,7.0,7.0,13.0,9.0,81.0,162.0,9.0,9.0
Manchester United,Swansea City,1,1,1.0,0.0,4231.0,4312.0,55.4,44.6,5.0,5.0,693.0,604.0,519.0,425.0,50.0,50.0,24.0,21.0,48.0,68.0,309.0,267.0,154.0,139.0,0.0,0.0,0.0,0.0,1.0,2.0,13.0,11.0,16.0,16.0,14.0,10.0,231.0,169.0,11.0,13.0
Crystal Palace,Burnley,0,2,1.0,0.0,433.0,442.0,63.5,36.5,6.0,2.0,697.0,484.0,463.0,273.0,32.0,45.0,53.0,29.0,75.0,77.0,343.0,204.0,194.0,119.0,0.0,0.0,0.0,0.0,2.0,1.0,13.0,21.0,20.0,20.0,6.0,8.0,161.0,87.0,11.0,12.0
Southampton,Hull City,0,0,0.0,0.0,4231.0,4231.0,51.9,48.1,3.0,3.0,640.0,602.0,431.0,399.0,43.0,33.0,28.0,28.0,55.0,54.0,245.0,285.0,115.0,153.0,0.0,0.0,0.0,0.0,2.0,1.0,19.0,18.0,21.0,21.0,7.0,18.0,206.0,137.0,9.0,13.0
Stoke City,West Ham United,0,0,0.0,0.0,4231.0,3412.0,57.1,42.9,7.0,4.0,688.0,604.0,507.0,374.0,42.0,40.0,37.0,28.0,85.0,44.0,334.0,238.0,171.0,101.0,0.0,0.0,0.0,0.0,2.0,4.0,19.0,17.0,25.0,25.0,8.0,20.0,188.0,153.0,12.0,3.0
West Bromwich Albion,Leicester City,0,1,1.0,0.0,4231.0,442.0,54.8,45.2,7.0,4.0,587.0,514.0,392.0,323.0,49.0,25.0,42.0,28.0,62.0,75.0,270.0,250.0,145.0,125.0,0.0,0.0,0.0,0.0,1.0,1.0,16.0,17.0,17.0,17.0,9.0,15.0,148.0,95.0,14.0,9.0
Manchester City,Manchester United,0,0,0.0,0.0,4231.0,433.0,69.2,30.8,8.0,1.0,851.0,477.0,643.0,288.0,42.0,34.0,28.0,9.0,71.0,45.0,451.0,175.0,228.0,71.0,0.0,0.0,0.0,0.0,2.0,1.0,19.0,21.0,28.0,28.0,13.0,16.0,216.0,122.0,10.0,8.0
Crystal Palace,Tottenham Hotspur,0,1,0.0,0.0,4141.0,3421.0,31.1,68.9,2.0,8.0,478.0,810.0,264.0,593.0,33.0,52.0,20.0,39.0,53.0,89.0,182.0,421.0,92.0,218.0,0.0,0.0,0.0,0.0,1.0,0.0,24.0,24.0,23.0,23.0,16.0,5.0,97.0,197.0,13.0,15.0
Arsenal,Leicester City,1,0,0.0,0.0,3421.0,442.0,68.9,31.1,6.0,2.0,874.0,503.0,692.0,317.0,52.0,24.0,48.0,16.0,71.0,49.0,491.0,177.0,278.0,82.0,0.0,0.0,0.0,0.0,8.0,6.0,10.0,16.0,13.0,13.0,12.0,18.0,230.0,150.0,9.0,13.0
Chelsea,Southampton,4,2,2.0,1.0,3421.0,4141.0,47.8,52.2,5.0,4.0,649.0,705.0,477.0,509.0,36.0,39.0,38.0,29.0,51.0,46.0,310.0,325.0,171.0,144.0,0.0,0.0,0.0,0.0,2.0,0.0,15.0,10.0,21.0,21.0,7.0,15.0,185.0,208.0,13.0,9.0
Liverpool,Crystal Palace,1,2,1.0,1.0,433.0,4141.0,72.3,27.7,7.0,3.0,851.0,459.0,626.0,234.0,55.0,23.0,36.0,17.0,79.0,56.0,396.0,175.0,200.0,94.0,0.0,0.0,0.0,0.0,3.0,0.0,23.0,28.0,17.0,17.0,9.0,14.0,254.0,72.0,8.0,10.0
Burnley,Manchester United,0,2,2.0,0.0,442.0,433.0,45.7,54.3,4.0,3.0,590.0,704.0,385.0,471.0,49.0,44.0,36.0,17.0,77.0,61.0,259.0,268.0,126.0,116.0,0.0,0.0,0.0,0.0,3.0,1.0,32.0,18.0,15.0,15.0,6.0,16.0,148.0,216.0,17.0,16.0
West Ham United,Everton,0,0,0.0,0.0,3412.0,433.0,40.6,59.4,5.0,3.0,534.0,695.0,346.0,524.0,33.0,58.0,31.0,15.0,61.0,68.0,224.0,303.0,97.0,117.0,0.0,0.0,0.0,0.0,1.0,2.0,17.0,20.0,14.0,14.0,17.0,9.0,145.0,234.0,9.0,15.0
Middlesbrough,Arsenal,1,2,1.0,0.0,433.0,3421.0,35.2,64.8,6.0,4.0,514.0,786.0,308.0,584.0,34.0,58.0,32.0,28.0,50.0,64.0,209.0,369.0,84.0,168.0,0.0,0.0,0.0,0.0,3.0,0.0,18.0,19.0,15.0,15.0,14.0,12.0,121.0,234.0,11.0,16.0
Manchester United,Chelsea,2,0,1.0,0.0,352.0,3421.0,46.2,53.8,6.0,4.0,611.0,671.0,416.0,479.0,53.0,44.0,14.0,25.0,66.0,60.0,290.0,280.0,149.0,140.0,0.0,0.0,0.0,0.0,1.0,1.0,28.0,23.0,19.0,19.0,19.0,21.0,136.0,213.0,16.0,20.0
West Bromwich Albion,Liverpool,0,1,1.0,0.0,433.0,433.0,36.3,63.7,5.0,9.0,505.0,789.0,311.0,566.0,34.0,52.0,34.0,22.0,57.0,74.0,209.0,318.0,103.0,150.0,0.0,0.0,0.0,0.0,6.0,2.0,15.0,21.0,22.0,22.0,9.0,18.0,125.0,263.0,15.0,9.0
Southampton,Manchester City,0,3,0.0,0.0,4231.0,4231.0,41.1,58.9,4.0,7.0,615.0,809.0,434.0,628.0,30.0,56.0,22.0,32.0,47.0,55.0,256.0,362.0,114.0,166.0,0.0,0.0,0.0,0.0,0.0,0.0,21.0,13.0,22.0,22.0,19.0,16.0,196.0,288.0,9.0,8.0
Crystal Palace,Leicester City,2,2,1.0,0.0,4231.0,442.0,57.9,42.1,6.0,2.0,661.0,511.0,420.0,311.0,43.0,35.0,49.0,35.0,73.0,69.0,285.0,237.0,161.0,113.0,0.0,0.0,0.0,0.0,0.0,0.0,19.0,24.0,20.0,20.0,19.0,11.0,167.0,94.0,10.0,16.0
Everton,Burnley,3,1,0.0,0.0,433.0,442.0,63.2,36.8,9.0,4.0,764.0,507.0,529.0,301.0,56.0,35.0,32.0,41.0,73.0,72.0,388.0,207.0,208.0,120.0,0.0,0.0,0.0,0.0,3.0,0.0,18.0,25.0,12.0,12.0,8.0,15.0,165.0,116.0,15.0,14.0
Sunderland,West Ham United,2,2,1.0,1.0,433.0,4231.0,47.6,52.4,6.0,2.0,545.0,584.0,367.0,416.0,38.0,41.0,32.0,16.0,70.0,52.0,260.0,235.0,133.0,111.0,0.0,0.0,0.0,0.0,2.0,0.0,17.0,12.0,17.0,17.0,11.0,10.0,125.0,189.0,14.0,10.0
Tottenham Hotspur,AFC Bournemouth,4,0,2.0,0.0,4231.0,4411.0,68.8,31.2,1.0,3.0,834.0,476.0,655.0,297.0,51.0,24.0,46.0,18.0,85.0,34.0,413.0,158.0,224.0,75.0,0.0,0.0,0.0,0.0,3.0,2.0,13.0,18.0,13.0,13.0,4.0,7.0,265.0,146.0,8.0,10.0
Crystal Palace,Arsenal,3,0,1.0,0.0,4231.0,4231.0,27.8,72.2,7.0,6.0,455.0,829.0,233.0,628.0,27.0,53.0,27.0,62.0,53.0,74.0,174.0,414.0,105.0,220.0,0.0,0.0,0.0,0.0,5.0,2.0,22.0,20.0,11.0,11.0,19.0,10.0,78.0,238.0,11.0,10.0
Everton,Leicester City,4,2,3.0,2.0,433.0,442.0,60.1,39.9,1.0,1.0,801.0,578.0,594.0,382.0,49.0,35.0,20.0,22.0,92.0,72.0,371.0,271.0,190.0,120.0,0.0,0.0,0.0,0.0,0.0,0.0,18.0,18.0,17.0,17.0,11.0,14.0,236.0,130.0,8.0,15.0
Sunderland,Manchester United,0,3,1.0,0.0,4132.0,433.0,29.7,70.3,3.0,5.0,426.0,763.0,237.0,582.0,26.0,53.0,29.0,42.0,54.0,81.0,162.0,404.0,88.0,220.0,0.0,0.0,0.0,0.0,2.0,2.0,16.0,11.0,17.0,17.0,23.0,10.0,90.0,191.0,14.0,20.0
AFC Bournemouth,Chelsea,1,3,1.0,2.0,442.0,3421.0,51.1,48.9,5.0,7.0,729.0,716.0,540.0,524.0,46.0,53.0,25.0,25.0,61.0,60.0,328.0,326.0,153.0,172.0,0.0,0.0,0.0,0.0,1.0,0.0,24.0,19.0,23.0,23.0,13.0,14.0,229.0,209.0,7.0,11.0
Manchester City,Hull City,3,1,1.0,0.0,4231.0,4411.0,67.4,32.6,10.0,4.0,918.0,532.0,713.0,340.0,42.0,27.0,37.0,16.0,70.0,38.0,456.0,171.0,215.0,91.0,0.0,0.0,0.0,0.0,1.0,2.0,22.0,21.0,15.0,15.0,17.0,22.0,275.0,179.0,6.0,8.0
Middlesbrough,Burnley,0,0,0.0,0.0,352.0,442.0,57.3,42.7,5.0,5.0,635.0,503.0,451.0,340.0,42.0,40.0,29.0,28.0,66.0,66.0,237.0,221.0,101.0,118.0,0.0,0.0,0.0,0.0,2.0,2.0,12.0,16.0,14.0,14.0,9.0,16.0,240.0,136.0,9.0,12.0
Stoke City,Liverpool,1,2,1.0,0.0,442.0,3511.0,44.3,55.7,4.0,6.0,593.0,679.0,380.0,486.0,45.0,37.0,26.0,29.0,69.0,78.0,255.0,270.0,107.0,138.0,0.0,0.0,0.0,0.0,7.0,2.0,20.0,23.0,16.0,16.0,14.0,9.0,148.0,235.0,7.0,11.0
West Bromwich Albion,Southampton,0,1,1.0,0.0,4231.0,4231.0,41.9,58.1,7.0,3.0,586.0,748.0,383.0,549.0,35.0,59.0,29.0,26.0,78.0,65.0,299.0,321.0,167.0,148.0,0.0,0.0,0.0,0.0,1.0,0.0,11.0,21.0,15.0,15.0,22.0,23.0,109.0,243.0,12.0,12.0
West Ham United,Swansea City,1,0,1.0,0.0,4411.0,433.0,46.3,53.7,5.0,3.0,556.0,618.0,361.0,413.0,39.0,49.0,21.0,27.0,52.0,83.0,219.0,261.0,99.0,120.0,0.0,0.0,0.0,0.0,2.0,0.0,25.0,10.0,18.0,18.0,15.0,5.0,160.0,172.0,12.0,12.0
Tottenham Hotspur,Watford,4,0,3.0,0.0,4231.0,451.0,58.7,41.3,5.0,4.0,693.0,535.0,501.0,343.0,36.0,32.0,30.0,18.0,75.0,37.0,357.0,169.0,174.0,76.0,0.0,0.0,0.0,0.0,1.0,1.0,23.0,14.0,13.0,13.0,9.0,17.0,163.0,191.0,12.0,12.0
Chelsea,Manchester City,2,1,2.0,1.0,3421.0,4231.0,39.3,60.7,3.0,6.0,581.0,818.0,399.0,616.0,27.0,49.0,16.0,36.0,48.0,64.0,203.0,392.0,94.0,182.0,0.0,0.0,0.0,0.0,1.0,0.0,17.0,11.0,17.0,17.0,16.0,15.0,208.0,250.0,10.0,14.0
Liverpool,AFC Bournemouth,2,2,1.0,1.0,433.0,4411.0,66.1,33.9,9.0,4.0,810.0,514.0,588.0,302.0,58.0,30.0,38.0,18.0,83.0,45.0,375.0,165.0,166.0,70.0,0.0,0.0,0.0,0.0,2.0,0.0,22.0,22.0,16.0,16.0,10.0,19.0,242.0,149.0,11.0,8.0
Arsenal,West Ham United,3,0,0.0,0.0,4231.0,4141.0,65.8,34.2,7.0,4.0,858.0,545.0,680.0,347.0,57.0,34.0,47.0,14.0,71.0,55.0,409.0,194.0,196.0,90.0,0.0,0.0,0.0,0.0,2.0,3.0,18.0,18.0,15.0,15.0,13.0,19.0,282.0,165.0,11.0,5.0
Southampton,Crystal Palace,3,1,1.0,1.0,4231.0,4231.0,61.5,38.5,12.0,6.0,614.0,457.0,401.0,252.0,33.0,39.0,44.0,30.0,63.0,64.0,298.0,193.0,143.0,93.0,0.0,0.0,0.0,0.0,1.0,1.0,11.0,17.0,18.0,18.0,9.0,11.0,143.0,83.0,16.0,11.0
Swansea City,Tottenham Hotspur,1,3,1.0,0.0,433.0,4231.0,28.2,71.8,2.0,5.0,444.0,830.0,246.0,642.0,31.0,40.0,25.0,38.0,48.0,86.0,174.0,426.0,81.0,234.0,0.0,0.0,0.0,0.0,3.0,4.0,18.0,20.0,16.0,16.0,11.0,5.0,87.0,240.0,7.0,8.0
Manchester United,Everton,1,1,1.0,0.0,433.0,4231.0,61.6,38.4,8.0,2.0,802.0,567.0,576.0,370.0,53.0,36.0,54.0,14.0,76.0,67.0,423.0,238.0,223.0,103.0,0.0,0.0,0.0,0.0,3.0,3.0,23.0,19.0,6.0,6.0,18.0,14.0,185.0,141.0,10.0,18.0
Burnley,Stoke City,1,0,0.0,0.0,442.0,3421.0,48.1,51.9,1.0,7.0,580.0,610.0,372.0,400.0,41.0,27.0,28.0,43.0,87.0,69.0,238.0,254.0,125.0,144.0,0.0,0.0,0.0,0.0,4.0,3.0,10.0,10.0,14.0,14.0,24.0,20.0,147.0,166.0,9.0,16.0
Leicester City,Sunderland,2,0,0.0,0.0,442.0,4132.0,54.7,45.3,5.0,8.0,612.0,528.0,400.0,328.0,38.0,37.0,33.0,28.0,69.0,64.0,281.0,231.0,138.0,120.0,0.0,0.0,0.0,0.0,1.0,3.0,11.0,18.0,21.0,21.0,10.0,14.0,143.0,119.0,12.0,13.0
Watford,West Bromwich Albion,2,0,1.0,0.0,451.0,433.0,55.6,44.4,3.0,10.0,636.0,513.0,441.0,335.0,42.0,33.0,18.0,45.0,37.0,57.0,223.0,249.0,91.0,135.0,0.0,0.0,0.0,0.0,1.0,0.0,20.0,12.0,11.0,11.0,7.0,12.0,234.0,118.0,11.0,14.0
Arsenal,Manchester City,2,2,1.0,2.0,4231.0,4231.0,44.4,55.6,5.0,6.0,611.0,715.0,405.0,506.0,37.0,33.0,33.0,28.0,59.0,52.0,263.0,293.0,143.0,156.0,0.0,0.0,0.0,0.0,5.0,6.0,24.0,25.0,14.0,14.0,20.0,22.0,155.0,232.0,8.0,15.0
Southampton,AFC Bournemouth,0,0,0.0,0.0,4231.0,442.0,61.3,38.7,8.0,7.0,729.0,528.0,554.0,347.0,49.0,26.0,28.0,17.0,65.0,47.0,280.0,202.0,122.0,85.0,0.0,0.0,0.0,0.0,4.0,1.0,9.0,14.0,19.0,19.0,12.0,13.0,290.0,156.0,14.0,8.0
Burnley,Tottenham Hotspur,0,2,0.0,0.0,442.0,3421.0,39.0,61.0,6.0,6.0,547.0,792.0,361.0,573.0,49.0,45.0,39.0,23.0,88.0,55.0,274.0,287.0,150.0,141.0,0.0,0.0,0.0,0.0,5.0,1.0,24.0,12.0,19.0,19.0,9.0,8.0,107.0,300.0,9.0,6.0
Chelsea,Crystal Palace,1,2,1.0,2.0,3511.0,4231.0,72.9,27.1,5.0,5.0,814.0,450.0,608.0,229.0,38.0,36.0,59.0,13.0,70.0,59.0,481.0,162.0,320.0,112.0,0.0,0.0,0.0,0.0,4.0,2.0,20.0,16.0,14.0,14.0,6.0,16.0,168.0,76.0,12.0,14.0
Hull City,West Ham United,2,1,1.0,0.0,3412.0,4231.0,45.7,54.3,3.0,7.0,569.0,689.0,385.0,454.0,21.0,39.0,27.0,38.0,64.0,69.0,219.0,302.0,120.0,137.0,0.0,0.0,0.0,0.0,2.0,1.0,19.0,14.0,13.0,13.0,9.0,15.0,182.0,183.0,16.0,9.0
Leicester City,Stoke City,2,0,1.0,0.0,4411.0,442.0,48.3,51.7,7.0,5.0,614.0,664.0,394.0,418.0,40.0,45.0,29.0,37.0,59.0,57.0,281.0,255.0,129.0,110.0,0.0,0.0,0.0,0.0,1.0,4.0,20.0,11.0,28.0,28.0,19.0,13.0,133.0,188.0,7.0,11.0
Manchester United,West Bromwich Albion,0,0,0.0,0.0,4231.0,451.0,74.8,25.2,8.0,1.0,964.0,450.0,761.0,261.0,53.0,27.0,47.0,14.0,83.0,41.0,543.0,147.0,306.0,66.0,0.0,0.0,0.0,0.0,0.0,0.0,15.0,18.0,16.0,16.0,12.0,18.0,250.0,122.0,15.0,13.0
Liverpool,Everton,3,1,2.0,1.0,433.0,3421.0,51.4,48.6,1.0,3.0,676.0,648.0,472.0,429.0,58.0,38.0,13.0,31.0,81.0,57.0,320.0,262.0,163.0,128.0,0.0,0.0,0.0,0.0,1.0,1.0,23.0,25.0,15.0,15.0,11.0,16.0,157.0,190.0,17.0,10.0
Manchester City,Liverpool,1,1,0.0,0.0,4141.0,433.0,59.5,40.5,8.0,5.0,795.0,594.0,563.0,383.0,47.0,34.0,36.0,36.0,59.0,66.0,316.0,254.0,147.0,150.0,0.0,0.0,0.0,0.0,6.0,2.0,25.0,29.0,9.0,9.0,15.0,12.0,269.0,148.0,14.0,7.0
Tottenham Hotspur,Southampton,2,1,2.0,0.0,3421.0,4231.0,50.5,49.5,2.0,4.0,647.0,660.0,456.0,443.0,39.0,37.0,24.0,25.0,79.0,62.0,319.0,246.0,156.0,122.0,0.0,0.0,0.0,0.0,2.0,7.0,13.0,21.0,26.0,26.0,13.0,11.0,147.0,209.0,12.0,13.0
Middlesbrough,Manchester United,1,3,1.0,0.0,433.0,4231.0,63.9,36.1,4.0,4.0,727.0,507.0,555.0,326.0,59.0,31.0,49.0,15.0,74.0,42.0,368.0,204.0,156.0,95.0,0.0,0.0,0.0,0.0,1.0,0.0,16.0,15.0,13.0,13.0,11.0,14.0,225.0,131.0,9.0,8.0
Crystal Palace,Watford,1,0,0.0,0.0,4231.0,451.0,43.0,57.0,5.0,4.0,496.0,577.0,284.0,394.0,26.0,27.0,35.0,34.0,67.0,73.0,186.0,241.0,103.0,131.0,2.0,4.0,5.0,2.0,1.0,1.0,18.0,15.0,18.0,18.0,7.0,6.0,119.0,163.0,8.0,15.0
Everton,Hull City,4,0,1.0,0.0,4231.0,541.0,51.5,48.5,4.0,4.0,689.0,614.0,469.0,425.0,43.0,35.0,30.0,31.0,63.0,50.0,314.0,245.0,154.0,87.0,0.0,0.0,0.0,0.0,4.0,0.0,19.0,22.0,17.0,17.0,16.0,17.0,170.0,205.0,9.0,7.0
Stoke City,Chelsea,1,2,1.0,1.0,442.0,343.0,36.2,63.8,2.0,5.0,479.0,740.0,290.0,522.0,19.0,44.0,19.0,23.0,70.0,52.0,193.0,266.0,101.0,152.0,0.0,0.0,0.0,0.0,3.0,2.0,21.0,23.0,17.0,17.0,16.0,15.0,109.0,266.0,16.0,11.0
Sunderland,Burnley,0,0,0.0,0.0,433.0,442.0,44.0,56.0,7.0,7.0,487.0,589.0,297.0,384.0,31.0,40.0,26.0,49.0,68.0,94.0,202.0,288.0,101.0,157.0,0.0,0.0,0.0,0.0,1.0,0.0,15.0,9.0,7.0,7.0,10.0,9.0,114.0,117.0,14.0,7.0
West Ham United,Leicester City,2,3,1.0,3.0,4231.0,442.0,58.6,41.4,8.0,4.0,710.0,530.0,478.0,354.0,53.0,36.0,37.0,24.0,70.0,70.0,313.0,233.0,150.0,107.0,0.0,0.0,0.0,0.0,2.0,0.0,20.0,23.0,12.0,12.0,15.0,5.0,199.0,132.0,10.0,14.0
West Bromwich Albion,Arsenal,3,1,1.0,1.0,451.0,4231.0,23.3,76.7,3.0,4.0,390.0,915.0,221.0,752.0,18.0,54.0,22.0,43.0,45.0,88.0,145.0,523.0,82.0,254.0,0.0,0.0,0.0,0.0,2.0,1.0,14.0,10.0,15.0,15.0,18.0,10.0,90.0,248.0,5.0,6.0
Liverpool,Burnley,2,1,1.0,1.0,433.0,442.0,63.9,36.1,2.0,8.0,744.0,509.0,558.0,309.0,51.0,40.0,37.0,32.0,82.0,86.0,345.0,216.0,179.0,120.0,0.0,0.0,0.0,0.0,3.0,3.0,6.0,26.0,15.0,15.0,7.0,12.0,234.0,108.0,12.0,16.0
AFC Bournemouth,West Ham United,3,2,1.0,1.0,4231.0,4411.0,51.4,48.6,8.0,4.0,580.0,554.0,358.0,340.0,21.0,40.0,32.0,34.0,55.0,71.0,233.0,238.0,138.0,122.0,0.0,0.0,0.0,0.0,0.0,0.0,18.0,13.0,15.0,15.0,10.0,19.0,142.0,124.0,20.0,15.0
Everton,West Bromwich Albion,3,0,2.0,0.0,4231.0,433.0,62.8,37.2,6.0,1.0,780.0,524.0,605.0,352.0,55.0,35.0,22.0,29.0,66.0,56.0,353.0,226.0,171.0,112.0,0.0,0.0,0.0,0.0,0.0,0.0,11.0,20.0,22.0,22.0,9.0,10.0,264.0,142.0,8.0,12.0
Manchester City,Stoke City,0,0,0.0,0.0,4141.0,442.0,65.3,34.7,7.0,2.0,839.0,531.0,621.0,331.0,50.0,34.0,40.0,19.0,75.0,56.0,413.0,201.0,209.0,100.0,0.0,0.0,0.0,0.0,1.0,1.0,21.0,20.0,21.0,21.0,13.0,24.0,228.0,138.0,8.0,11.0
West Ham United,Chelsea,1,2,1.0,0.0,433.0,343.0,51.8,48.2,6.0,3.0,744.0,714.0,554.0,530.0,55.0,44.0,32.0,20.0,60.0,51.0,350.0,251.0,119.0,121.0,0.0,0.0,0.0,0.0,1.0,1.0,18.0,15.0,15.0,15.0,14.0,14.0,236.0,290.0,8.0,8.0
Sunderland,Manchester City,0,2,1.0,0.0,451.0,433.0,29.2,70.8,5.0,5.0,461.0,901.0,287.0,718.0,27.0,45.0,24.0,26.0,58.0,57.0,187.0,366.0,97.0,209.0,0.0,0.0,0.0,0.0,4.0,3.0,25.0,15.0,9.0,9.0,18.0,19.0,116.0,366.0,11.0,4.0
Tottenham Hotspur,Everton,3,2,1.0,0.0,3421.0,4321.0,51.5,48.5,5.0,1.0,677.0,631.0,462.0,440.0,40.0,37.0,30.0,26.0,81.0,61.0,316.0,227.0,159.0,102.0,0.0,0.0,0.0,0.0,2.0,4.0,15.0,22.0,17.0,17.0,8.0,19.0,164.0,226.0,9.0,14.0
Liverpool,Arsenal,3,1,2.0,0.0,433.0,4231.0,53.0,47.0,5.0,2.0,637.0,605.0,456.0,405.0,41.0,54.0,33.0,31.0,85.0,59.0,329.0,277.0,184.0,121.0,0.0,0.0,0.0,0.0,5.0,3.0,16.0,15.0,18.0,18.0,7.0,10.0,149.0,144.0,8.0,15.0
Leicester City,Hull City,3,1,1.0,1.0,4231.0,4141.0,49.5,50.5,9.0,5.0,598.0,632.0,396.0,410.0,35.0,41.0,39.0,26.0,76.0,46.0,324.0,243.0,149.0,94.0,0.0,0.0,0.0,0.0,1.0,0.0,22.0,16.0,25.0,25.0,12.0,16.0,99.0,186.0,12.0,13.0
Swansea City,Burnley,3,2,1.0,1.0,433.0,442.0,71.3,28.7,11.0,2.0,809.0,450.0,580.0,248.0,48.0,28.0,50.0,12.0,78.0,61.0,349.0,162.0,175.0,89.0,0.0,0.0,0.0,0.0,1.0,1.0,8.0,27.0,16.0,16.0,4.0,13.0,278.0,91.0,7.0,13.0
Watford,Southampton,3,4,1.0,2.0,442.0,4231.0,37.8,62.2,7.0,4.0,483.0,684.0,258.0,446.0,28.0,37.0,43.0,29.0,62.0,67.0,183.0,259.0,103.0,128.0,0.0,0.0,0.0,0.0,2.0,2.0,22.0,12.0,23.0,23.0,12.0,8.0,95.0,205.0,16.0,9.0
West Bromwich Albion,Crystal Palace,0,2,0.0,0.0,4141.0,4231.0,51.4,48.6,5.0,2.0,576.0,547.0,370.0,341.0,30.0,37.0,29.0,34.0,70.0,79.0,258.0,270.0,132.0,150.0,0.0,0.0,0.0,0.0,0.0,0.0,13.0,21.0,9.0,9.0,10.0,19.0,134.0,97.0,8.0,12.0
Manchester United,AFC Bournemouth,1,1,1.0,1.0,4231.0,4231.0,68.6,31.4,5.0,1.0,802.0,492.0,620.0,294.0,57.0,23.0,55.0,14.0,69.0,46.0,444.0,146.0,221.0,70.0,0.0,0.0,0.0,0.0,3.0,0.0,13.0,14.0,18.0,18.0,5.0,14.0,216.0,154.0,9.0,11.0
Leicester City,Liverpool,3,1,2.0,0.0,442.0,433.0,30.7,69.3,4.0,5.0,506.0,872.0,277.0,620.0,24.0,53.0,23.0,53.0,63.0,82.0,195.0,458.0,104.0,241.0,0.0,0.0,0.0,0.0,3.0,2.0,31.0,20.0,17.0,18.0,18.0,13.0,94.0,195.0,8.0,5.0
Tottenham Hotspur,Stoke City,4,0,4.0,0.0,3421.0,4231.0,64.3,35.7,7.0,2.0,782.0,503.0,588.0,317.0,46.0,31.0,24.0,19.0,67.0,48.0,339.0,168.0,156.0,74.0,0.0,0.0,0.0,0.0,1.0,2.0,11.0,20.0,14.0,14.0,7.0,12.0,263.0,164.0,11.0,14.0
Watford,West Ham United,1,1,1.0,0.0,433.0,4231.0,35.6,64.4,3.0,7.0,437.0,675.0,258.0,463.0,36.0,47.0,24.0,30.0,44.0,52.0,173.0,256.0,87.0,120.0,0.0,0.0,0.0,0.0,2.0,2.0,13.0,14.0,12.0,12.0,15.0,12.0,95.0,235.0,18.0,14.0
Chelsea,Swansea City,3,1,1.0,1.0,343.0,433.0,65.6,34.4,6.0,1.0,905.0,555.0,734.0,382.0,70.0,52.0,34.0,12.0,80.0,58.0,443.0,232.0,236.0,87.0,0.0,0.0,0.0,0.0,1.0,0.0,11.0,13.0,27.0,27.0,7.0,20.0,311.0,161.0,11.0,14.0
Crystal Palace,Middlesbrough,1,0,1.0,0.0,4141.0,532.0,45.6,54.4,7.0,6.0,562.0,626.0,347.0,430.0,33.0,41.0,43.0,24.0,63.0,56.0,268.0,236.0,159.0,94.0,0.0,0.0,0.0,0.0,2.0,0.0,13.0,24.0,11.0,11.0,12.0,12.0,108.0,206.0,13.0,15.0
Everton,Sunderland,2,0,1.0,0.0,433.0,451.0,63.6,36.4,9.0,3.0,735.0,482.0,512.0,285.0,47.0,32.0,40.0,30.0,58.0,54.0,306.0,194.0,136.0,107.0,0.0,0.0,0.0,0.0,1.0,0.0,16.0,16.0,9.0,9.0,13.0,12.0,235.0,112.0,10.0,16.0
Hull City,Burnley,1,1,0.0,0.0,4231.0,442.0,66.8,33.2,9.0,4.0,667.0,409.0,477.0,240.0,45.0,32.0,42.0,27.0,72.0,67.0,304.0,177.0,145.0,91.0,0.0,0.0,0.0,0.0,6.0,0.0,9.0,9.0,9.0,9.0,5.0,10.0,206.0,79.0,8.0,13.0
West Bromwich Albion,AFC Bournemouth,2,1,2.0,1.0,4141.0,4231.0,32.1,67.9,5.0,6.0,487.0,837.0,297.0,649.0,25.0,45.0,25.0,37.0,48.0,75.0,204.0,398.0,98.0,200.0,0.0,0.0,0.0,0.0,4.0,0.0,15.0,17.0,10.0,10.0,19.0,5.0,116.0,275.0,12.0,5.0
AFC Bournemouth,Manchester City,0,2,1.0,0.0,4141.0,433.0,37.7,62.3,8.0,0.0,555.0,816.0,362.0,598.0,29.0,40.0,29.0,26.0,58.0,59.0,210.0,341.0,124.0,176.0,0.0,0.0,0.0,0.0,2.0,2.0,16.0,20.0,21.0,21.0,11.0,9.0,165.0,275.0,8.0,11.0
Swansea City,Leicester City,2,0,2.0,0.0,433.0,442.0,49.0,51.0,5.0,4.0,692.0,677.0,478.0,505.0,38.0,43.0,24.0,29.0,71.0,68.0,280.0,300.0,118.0,147.0,0.0,0.0,0.0,0.0,0.0,0.0,20.0,18.0,23.0,23.0,3.0,11.0,220.0,221.0,7.0,14.0
Burnley,Chelsea,1,1,1.0,1.0,442.0,343.0,28.3,71.7,1.0,5.0,479.0,937.0,291.0,729.0,34.0,59.0,19.0,35.0,63.0,97.0,192.0,451.0,103.0,237.0,0.0,0.0,0.0,0.0,3.0,0.0,10.0,14.0,17.0,17.0,19.0,17.0,106.0,299.0,12.0,11.0
Liverpool,Tottenham Hotspur,2,0,2.0,0.0,433.0,4231.0,50.9,49.1,4.0,4.0,652.0,641.0,425.0,421.0,31.0,41.0,35.0,25.0,76.0,58.0,328.0,230.0,184.0,106.0,0.0,0.0,0.0,0.0,2.0,1.0,17.0,20.0,27.0,27.0,12.0,11.0,119.0,204.0,14.0,14.0
Manchester United,Watford,2,0,1.0,0.0,4231.0,3421.0,57.9,42.1,7.0,5.0,808.0,617.0,587.0,426.0,58.0,45.0,30.0,19.0,57.0,58.0,367.0,240.0,182.0,97.0,0.0,0.0,0.0,0.0,5.0,0.0,28.0,17.0,21.0,21.0,11.0,21.0,234.0,196.0,10.0,12.0
Middlesbrough,Everton,0,0,0.0,0.0,433.0,433.0,45.9,54.1,4.0,3.0,675.0,772.0,470.0,562.0,53.0,47.0,25.0,21.0,69.0,79.0,268.0,280.0,110.0,107.0,0.0,0.0,0.0,0.0,2.0,0.0,26.0,24.0,21.0,21.0,11.0,15.0,221.0,295.0,14.0,9.0
Stoke City,Crystal Palace,1,0,0.0,0.0,4231.0,4231.0,57.5,42.5,2.0,4.0,657.0,536.0,451.0,327.0,49.0,36.0,26.0,26.0,81.0,60.0,309.0,190.0,155.0,92.0,0.0,0.0,0.0,0.0,3.0,2.0,24.0,19.0,12.0,12.0,14.0,21.0,157.0,153.0,10.0,14.0
Sunderland,Southampton,0,4,2.0,0.0,3511.0,4231.0,46.2,53.8,1.0,4.0,646.0,709.0,448.0,524.0,37.0,35.0,24.0,30.0,60.0,65.0,243.0,337.0,108.0,171.0,0.0,0.0,0.0,0.0,1.0,2.0,15.0,23.0,16.0,16.0,12.0,20.0,221.0,210.0,12.0,15.0
West Ham United,West Bromwich Albion,2,2,1.0,0.0,4231.0,4231.0,65.2,34.8,4.0,3.0,727.0,479.0,532.0,282.0,54.0,27.0,37.0,26.0,68.0,46.0,337.0,181.0,165.0,88.0,0.0,0.0,0.0,0.0,3.0,1.0,12.0,18.0,16.0,16.0,7.0,13.0,223.0,117.0,7.0,14.0
Arsenal,Hull City,2,0,1.0,0.0,4231.0,4141.0,49.1,50.9,8.0,5.0,665.0,664.0,483.0,479.0,50.0,41.0,29.0,40.0,57.0,60.0,304.0,310.0,187.0,151.0,0.0,0.0,0.0,0.0,4.0,0.0,21.0,15.0,12.0,12.0,9.0,21.0,188.0,203.0,12.0,9.0
Leicester City,Manchester United,0,3,2.0,0.0,4231.0,442.0,32.4,67.6,6.0,4.0,489.0,855.0,292.0,644.0,25.0,65.0,23.0,27.0,62.0,70.0,207.0,397.0,102.0,179.0,0.0,0.0,0.0,0.0,1.0,2.0,14.0,17.0,18.0,18.0,12.0,7.0,108.0,263.0,12.0,13.0
Manchester City,Swansea City,2,1,1.0,0.0,433.0,433.0,68.8,31.2,5.0,2.0,908.0,485.0,704.0,323.0,44.0,38.0,47.0,15.0,80.0,64.0,500.0,207.0,244.0,95.0,0.0,0.0,0.0,0.0,4.0,0.0,17.0,25.0,20.0,20.0,10.0,10.0,229.0,124.0,9.0,13.0
Tottenham Hotspur,Middlesbrough,1,0,0.0,0.0,4231.0,433.0,65.2,34.8,6.0,5.0,816.0,530.0,583.0,315.0,53.0,37.0,47.0,24.0,93.0,52.0,420.0,206.0,211.0,89.0,0.0,0.0,0.0,0.0,5.0,1.0,20.0,31.0,10.0,10.0,4.0,11.0,196.0,123.0,8.0,11.0
Crystal Palace,Sunderland,0,4,4.0,0.0,343.0,3511.0,65.7,34.3,8.0,3.0,702.0,468.0,502.0,278.0,62.0,25.0,56.0,12.0,97.0,53.0,365.0,156.0,190.0,73.0,0.0,0.0,0.0,0.0,1.0,1.0,13.0,18.0,7.0,7.0,12.0,12.0,177.0,128.0,9.0,8.0
Everton,AFC Bournemouth,6,3,3.0,0.0,433.0,3511.0,45.7,54.3,2.0,8.0,675.0,754.0,477.0,555.0,42.0,45.0,16.0,32.0,58.0,66.0,266.0,353.0,134.0,185.0,0.0,0.0,0.0,0.0,4.0,0.0,22.0,21.0,11.0,11.0,16.0,8.0,220.0,221.0,14.0,4.0
Hull City,Liverpool,2,0,1.0,0.0,4231.0,433.0,27.8,72.2,3.0,6.0,467.0,851.0,255.0,636.0,26.0,58.0,13.0,57.0,49.0,118.0,160.0,468.0,71.0,276.0,0.0,0.0,0.0,0.0,2.0,1.0,12.0,13.0,20.0,20.0,17.0,9.0,105.0,213.0,9.0,12.0
Southampton,West Ham United,1,3,1.0,2.0,433.0,442.0,55.2,44.8,11.0,1.0,669.0,560.0,474.0,390.0,40.0,55.0,28.0,16.0,60.0,69.0,271.0,241.0,119.0,98.0,0.0,0.0,0.0,0.0,2.0,3.0,16.0,13.0,18.0,18.0,10.0,14.0,227.0,162.0,12.0,15.0
Watford,Burnley,2,1,2.0,0.0,433.0,442.0,60.4,39.6,3.0,1.0,713.0,519.0,520.0,338.0,44.0,36.0,30.0,26.0,90.0,68.0,348.0,176.0,187.0,87.0,0.0,0.0,0.0,0.0,2.0,4.0,14.0,24.0,15.0,15.0,9.0,13.0,192.0,175.0,12.0,10.0
West Bromwich Albion,Stoke City,1,0,1.0,0.0,4231.0,4231.0,37.7,62.3,7.0,5.0,530.0,718.0,316.0,523.0,36.0,52.0,33.0,45.0,71.0,87.0,238.0,404.0,128.0,185.0,0.0,0.0,0.0,0.0,3.0,2.0,16.0,17.0,13.0,13.0,13.0,16.0,101.0,155.0,6.0,13.0
Chelsea,Arsenal,3,1,1.0,0.0,343.0,4231.0,41.7,58.3,5.0,2.0,631.0,779.0,410.0,561.0,33.0,46.0,30.0,48.0,59.0,62.0,278.0,372.0,157.0,182.0,0.0,0.0,0.0,0.0,4.0,3.0,19.0,25.0,16.0,16.0,17.0,11.0,151.0,222.0,14.0,8.0
Manchester United,Hull City,0,0,0.0,0.0,433.0,4141.0,67.1,32.9,4.0,4.0,852.0,525.0,634.0,314.0,59.0,31.0,48.0,19.0,85.0,53.0,430.0,179.0,224.0,78.0,0.0,0.0,0.0,0.0,6.0,1.0,18.0,16.0,20.0,20.0,13.0,21.0,243.0,148.0,20.0,16.0
Stoke City,Everton,1,1,1.0,1.0,4231.0,352.0,47.1,52.9,5.0,7.0,615.0,668.0,422.0,485.0,42.0,46.0,35.0,27.0,79.0,59.0,303.0,275.0,119.0,121.0,0.0,0.0,0.0,0.0,1.0,3.0,14.0,8.0,13.0,13.0,15.0,11.0,141.0,225.0,21.0,12.0
West Ham United,Manchester City,0,4,3.0,0.0,4231.0,4141.0,29.7,70.3,1.0,5.0,444.0,816.0,281.0,673.0,32.0,39.0,18.0,19.0,46.0,59.0,173.0,296.0,85.0,138.0,0.0,0.0,0.0,0.0,6.0,3.0,13.0,13.0,13.0,13.0,23.0,7.0,119.0,391.0,11.0,14.0
Liverpool,Chelsea,1,1,1.0,0.0,433.0,343.0,62.4,37.6,2.0,4.0,835.0,602.0,638.0,386.0,56.0,36.0,42.0,14.0,79.0,59.0,423.0,205.0,193.0,96.0,0.0,0.0,0.0,0.0,5.0,3.0,15.0,23.0,25.0,25.0,13.0,18.0,235.0,189.0,13.0,8.0
Arsenal,Watford,1,2,2.0,0.0,4231.0,451.0,73.5,26.5,8.0,2.0,820.0,439.0,598.0,207.0,52.0,23.0,51.0,25.0,77.0,54.0,375.0,152.0,199.0,81.0,0.0,0.0,0.0,0.0,2.0,1.0,20.0,24.0,17.0,17.0,8.0,22.0,250.0,68.0,12.0,15.0
AFC Bournemouth,Crystal Palace,0,2,0.0,0.0,4231.0,343.0,65.1,34.9,5.0,6.0,655.0,412.0,453.0,233.0,32.0,24.0,26.0,32.0,67.0,58.0,304.0,197.0,144.0,110.0,0.0,0.0,0.0,0.0,1.0,0.0,14.0,17.0,11.0,11.0,12.0,12.0,168.0,57.0,14.0,23.0
Burnley,Leicester City,1,0,0.0,0.0,442.0,442.0,59.9,40.1,12.0,3.0,659.0,502.0,422.0,286.0,51.0,39.0,50.0,29.0,104.0,58.0,337.0,201.0,167.0,83.0,0.0,0.0,0.0,0.0,1.0,4.0,16.0,12.0,22.0,22.0,7.0,11.0,114.0,101.0,4.0,8.0
Middlesbrough,West Bromwich Albion,1,1,1.0,1.0,433.0,4231.0,61.7,38.3,3.0,5.0,687.0,520.0,482.0,288.0,38.0,28.0,37.0,29.0,65.0,68.0,282.0,245.0,134.0,127.0,0.0,0.0,0.0,0.0,2.0,0.0,22.0,15.0,15.0,15.0,11.0,11.0,222.0,68.0,12.0,13.0
Sunderland,Tottenham Hotspur,0,0,0.0,0.0,352.0,4231.0,28.4,71.6,4.0,0.0,417.0,762.0,226.0,557.0,20.0,45.0,19.0,52.0,53.0,85.0,158.0,392.0,90.0,220.0,0.0,0.0,0.0,0.0,2.0,3.0,24.0,11.0,15.0,15.0,8.0,2.0,77.0,200.0,9.0,13.0
Swansea City,Southampton,2,1,1.0,0.0,433.0,433.0,43.1,56.9,4.0,5.0,609.0,731.0,421.0,553.0,43.0,48.0,20.0,35.0,62.0,70.0,245.0,317.0,105.0,143.0,0.0,0.0,0.0,0.0,1.0,1.0,15.0,18.0,14.0,14.0,12.0,4.0,194.0,262.0,10.0,19.0
Chelsea,Hull City,2,0,1.0,0.0,343.0,3421.0,52.8,47.2,1.0,4.0,740.0,708.0,559.0,512.0,42.0,49.0,45.0,26.0,58.0,59.0,373.0,292.0,226.0,122.0,0.0,0.0,0.0,0.0,1.0,1.0,10.0,19.0,21.0,21.0,13.0,17.0,218.0,236.0,12.0,10.0
Arsenal,Burnley,2,1,0.0,0.0,4231.0,442.0,69.8,30.2,7.0,3.0,795.0,431.0,578.0,237.0,55.0,23.0,43.0,34.0,64.0,60.0,375.0,162.0,218.0,94.0,0.0,0.0,0.0,0.0,2.0,0.0,11.0,26.0,8.0,8.0,7.0,15.0,224.0,95.0,12.0,11.0
Southampton,Leicester City,3,0,2.0,0.0,433.0,41212.0,60.1,39.9,10.0,7.0,719.0,554.0,500.0,337.0,32.0,28.0,35.0,30.0,63.0,58.0,339.0,245.0,150.0,114.0,0.0,0.0,0.0,0.0,3.0,1.0,12.0,17.0,33.0,33.0,16.0,14.0,195.0,112.0,8.0,10.0
Manchester City,Tottenham Hotspur,2,2,0.0,0.0,4141.0,3421.0,54.6,45.4,9.0,3.0,698.0,622.0,473.0,399.0,47.0,32.0,33.0,25.0,71.0,57.0,310.0,213.0,179.0,91.0,0.0,0.0,0.0,0.0,3.0,5.0,22.0,19.0,26.0,26.0,19.0,12.0,185.0,198.0,10.0,7.0
Crystal Palace,Everton,0,1,0.0,0.0,3412.0,352.0,44.0,56.0,2.0,6.0,574.0,698.0,371.0,476.0,44.0,35.0,44.0,35.0,62.0,60.0,260.0,333.0,133.0,192.0,0.0,0.0,0.0,0.0,1.0,1.0,18.0,14.0,17.0,17.0,9.0,6.0,136.0,172.0,10.0,15.0
Middlesbrough,West Ham United,1,3,1.0,2.0,433.0,442.0,61.5,38.5,5.0,5.0,722.0,541.0,529.0,338.0,40.0,34.0,50.0,21.0,80.0,62.0,334.0,211.0,175.0,113.0,0.0,0.0,0.0,0.0,2.0,0.0,19.0,18.0,14.0,14.0,10.0,13.0,226.0,139.0,7.0,14.0
Stoke City,Manchester United,1,1,1.0,0.0,4231.0,433.0,34.9,65.1,3.0,8.0,531.0,815.0,331.0,591.0,45.0,59.0,18.0,49.0,57.0,62.0,210.0,433.0,83.0,225.0,0.0,0.0,0.0,0.0,6.0,0.0,16.0,14.0,20.0,20.0,16.0,6.0,128.0,195.0,13.0,12.0
West Bromwich Albion,Sunderland,2,0,2.0,0.0,4231.0,3421.0,44.4,55.6,5.0,2.0,553.0,641.0,355.0,451.0,44.0,38.0,27.0,29.0,65.0,72.0,250.0,314.0,129.0,158.0,0.0,0.0,0.0,0.0,2.0,1.0,18.0,17.0,16.0,16.0,8.0,9.0,130.0,158.0,15.0,12.0
Liverpool,Swansea City,2,3,0.0,0.0,433.0,433.0,73.6,26.4,7.0,2.0,966.0,508.0,785.0,288.0,70.0,27.0,50.0,16.0,110.0,52.0,540.0,166.0,258.0,88.0,0.0,0.0,0.0,0.0,2.0,1.0,30.0,11.0,19.0,19.0,4.0,16.0,282.0,130.0,7.0,7.0
Manchester United,Liverpool,1,1,1.0,0.0,433.0,433.0,55.9,44.1,5.0,2.0,726.0,621.0,487.0,389.0,52.0,26.0,35.0,27.0,76.0,59.0,311.0,213.0,145.0,108.0,0.0,0.0,0.0,0.0,4.0,2.0,25.0,28.0,10.0,10.0,15.0,18.0,202.0,192.0,17.0,13.0
Everton,Manchester City,4,0,1.0,0.0,352.0,41212.0,29.2,70.8,1.0,4.0,455.0,866.0,270.0,672.0,26.0,45.0,25.0,38.0,59.0,66.0,173.0,417.0,102.0,230.0,0.0,0.0,0.0,0.0,4.0,4.0,21.0,12.0,22.0,22.0,9.0,13.0,110.0,273.0,17.0,7.0
Leicester City,Chelsea,0,3,1.0,0.0,352.0,343.0,35.2,64.8,5.0,2.0,503.0,836.0,341.0,640.0,33.0,50.0,28.0,24.0,53.0,72.0,204.0,358.0,93.0,186.0,0.0,0.0,0.0,0.0,2.0,1.0,13.0,6.0,19.0,19.0,17.0,16.0,152.0,295.0,8.0,9.0
Burnley,Southampton,1,0,0.0,0.0,442.0,433.0,40.9,59.1,4.0,7.0,509.0,657.0,292.0,405.0,32.0,39.0,21.0,46.0,65.0,53.0,197.0,310.0,109.0,131.0,0.0,0.0,0.0,0.0,2.0,0.0,12.0,13.0,17.0,17.0,12.0,16.0,110.0,135.0,14.0,14.0
Swansea City,Arsenal,0,4,1.0,0.0,4231.0,4231.0,43.2,56.8,6.0,2.0,631.0,766.0,446.0,605.0,45.0,60.0,25.0,29.0,64.0,62.0,260.0,348.0,128.0,196.0,0.0,0.0,0.0,0.0,2.0,0.0,12.0,17.0,9.0,9.0,15.0,21.0,208.0,264.0,12.0,8.0
West Ham United,Crystal Palace,3,0,0.0,0.0,3421.0,4231.0,44.1,55.9,7.0,6.0,540.0,612.0,342.0,438.0,32.0,47.0,23.0,22.0,51.0,60.0,222.0,272.0,106.0,124.0,0.0,0.0,0.0,0.0,1.0,1.0,19.0,17.0,14.0,14.0,6.0,12.0,135.0,183.0,10.0,14.0
Tottenham Hotspur,West Bromwich Albion,4,0,2.0,0.0,3421.0,4231.0,72.9,27.1,7.0,2.0,876.0,429.0,670.0,248.0,50.0,29.0,32.0,18.0,70.0,65.0,434.0,173.0,176.0,85.0,0.0,0.0,0.0,0.0,1.0,1.0,22.0,13.0,14.0,14.0,6.0,15.0,259.0,84.0,11.0,12.0
Tottenham Hotspur,Chelsea,2,0,1.0,0.0,3421.0,343.0,45.5,54.5,6.0,6.0,633.0,731.0,440.0,526.0,44.0,48.0,21.0,29.0,58.0,74.0,248.0,287.0,109.0,144.0,0.0,0.0,0.0,0.0,2.0,4.0,24.0,19.0,20.0,20.0,7.0,15.0,205.0,256.0,9.0,8.0
Crystal Palace,Swansea City,1,2,1.0,0.0,4231.0,433.0,47.1,52.9,2.0,5.0,617.0,689.0,411.0,477.0,35.0,56.0,36.0,29.0,69.0,72.0,237.0,297.0,118.0,155.0,0.0,0.0,0.0,0.0,1.0,1.0,17.0,12.0,13.0,13.0,25.0,8.0,202.0,198.0,13.0,14.0
AFC Bournemouth,Arsenal,3,3,2.0,0.0,4231.0,4231.0,39.6,60.4,5.0,5.0,583.0,762.0,376.0,571.0,31.0,48.0,21.0,54.0,61.0,73.0,247.0,370.0,144.0,213.0,0.0,0.0,0.0,0.0,2.0,3.0,12.0,17.0,19.0,19.0,12.0,12.0,140.0,225.0,10.0,12.0
West Ham United,Manchester United,0,2,0.0,0.0,433.0,433.0,36.2,63.8,5.0,5.0,569.0,883.0,396.0,713.0,32.0,54.0,19.0,36.0,46.0,80.0,205.0,452.0,101.0,240.0,0.0,0.0,0.0,0.0,5.0,0.0,13.0,18.0,16.0,16.0,12.0,19.0,203.0,275.0,9.0,13.0
Everton,Southampton,3,0,0.0,0.0,4231.0,433.0,54.0,46.0,5.0,6.0,715.0,645.0,487.0,403.0,41.0,43.0,34.0,26.0,69.0,51.0,340.0,281.0,171.0,117.0,0.0,0.0,0.0,0.0,4.0,2.0,23.0,24.0,20.0,20.0,12.0,21.0,167.0,148.0,5.0,14.0
Manchester City,Burnley,2,1,0.0,0.0,4231.0,442.0,55.0,45.0,4.0,6.0,649.0,534.0,450.0,357.0,31.0,31.0,18.0,39.0,56.0,69.0,254.0,222.0,123.0,116.0,0.0,0.0,0.0,0.0,3.0,3.0,9.0,15.0,18.0,18.0,9.0,12.0,210.0,160.0,11.0,11.0
Sunderland,Liverpool,2,2,1.0,1.0,4411.0,433.0,29.3,70.7,3.0,0.0,473.0,906.0,290.0,698.0,22.0,59.0,17.0,39.0,55.0,68.0,169.0,418.0,93.0,225.0,0.0,0.0,0.0,0.0,3.0,3.0,21.0,9.0,16.0,16.0,18.0,9.0,127.0,302.0,10.0,10.0
West Bromwich Albion,Hull City,3,1,1.0,0.0,4231.0,3412.0,41.0,59.0,9.0,0.0,543.0,715.0,346.0,516.0,45.0,53.0,28.0,34.0,60.0,66.0,240.0,343.0,108.0,161.0,0.0,0.0,0.0,0.0,1.0,0.0,18.0,14.0,7.0,7.0,16.0,12.0,138.0,203.0,5.0,4.0
Middlesbrough,Leicester City,0,0,0.0,0.0,433.0,41212.0,62.4,37.6,5.0,4.0,762.0,534.0,530.0,331.0,49.0,36.0,40.0,22.0,60.0,64.0,351.0,239.0,160.0,106.0,0.0,0.0,0.0,0.0,0.0,0.0,18.0,22.0,14.0,14.0,11.0,13.0,219.0,107.0,10.0,9.0
Arsenal,Crystal Palace,2,0,1.0,0.0,4231.0,4231.0,64.1,35.9,5.0,2.0,837.0,561.0,637.0,351.0,64.0,33.0,47.0,27.0,67.0,62.0,431.0,244.0,231.0,130.0,0.0,0.0,0.0,0.0,2.0,3.0,25.0,20.0,16.0,16.0,9.0,21.0,226.0,125.0,9.0,7.0
Watford,Tottenham Hotspur,1,4,3.0,0.0,3421.0,3142.0,33.8,66.2,1.0,11.0,474.0,779.0,293.0,578.0,24.0,55.0,17.0,31.0,46.0,68.0,179.0,309.0,87.0,163.0,0.0,0.0,0.0,0.0,5.0,3.0,19.0,22.0,17.0,17.0,12.0,8.0,122.0,286.0,11.0,6.0
Liverpool,Manchester City,1,0,1.0,0.0,433.0,4231.0,43.0,57.0,3.0,4.0,652.0,790.0,437.0,575.0,33.0,56.0,17.0,22.0,51.0,68.0,288.0,324.0,137.0,130.0,0.0,0.0,0.0,0.0,2.0,2.0,23.0,23.0,16.0,16.0,19.0,13.0,158.0,268.0,12.0,12.0
Burnley,Sunderland,4,1,1.0,0.0,442.0,4231.0,45.8,54.2,8.0,5.0,518.0,626.0,344.0,418.0,42.0,44.0,33.0,22.0,70.0,79.0,225.0,243.0,107.0,127.0,0.0,0.0,0.0,0.0,3.0,2.0,21.0,12.0,10.0,10.0,12.0,13.0,141.0,186.0,10.0,9.0
Chelsea,Stoke City,4,2,1.0,0.0,343.0,3421.0,59.6,40.4,8.0,3.0,647.0,477.0,473.0,322.0,40.0,37.0,33.0,24.0,60.0,46.0,294.0,204.0,165.0,98.0,0.0,0.0,0.0,0.0,2.0,2.0,12.0,17.0,13.0,13.0,10.0,11.0,193.0,127.0,12.0,10.0
Leicester City,West Ham United,1,0,1.0,0.0,4231.0,4231.0,39.7,60.3,6.0,10.0,520.0,682.0,311.0,481.0,35.0,55.0,31.0,40.0,52.0,53.0,230.0,289.0,112.0,124.0,0.0,0.0,0.0,0.0,3.0,2.0,15.0,10.0,15.0,15.0,13.0,7.0,106.0,221.0,11.0,8.0
Manchester United,Middlesbrough,2,1,0.0,0.0,433.0,4141.0,65.5,34.5,12.0,4.0,831.0,537.0,610.0,332.0,51.0,31.0,61.0,17.0,67.0,45.0,473.0,161.0,234.0,62.0,0.0,0.0,0.0,0.0,5.0,0.0,7.0,12.0,15.0,15.0,8.0,14.0,188.0,184.0,9.0,14.0
Southampton,West Bromwich Albion,1,2,1.0,1.0,433.0,4231.0,67.8,32.2,7.0,3.0,800.0,484.0,572.0,278.0,38.0,41.0,43.0,23.0,61.0,64.0,371.0,198.0,168.0,102.0,0.0,0.0,0.0,0.0,1.0,1.0,22.0,22.0,24.0,24.0,7.0,16.0,239.0,91.0,13.0,17.0
Hull City,Everton,2,2,1.0,1.0,352.0,4231.0,43.4,56.6,5.0,7.0,613.0,738.0,405.0,525.0,40.0,45.0,25.0,38.0,67.0,55.0,252.0,357.0,123.0,148.0,0.0,0.0,0.0,0.0,4.0,0.0,22.0,23.0,16.0,15.0,17.0,13.0,170.0,195.0,10.0,13.0
Southampton,Tottenham Hotspur,1,4,1.0,1.0,433.0,4231.0,34.3,65.7,3.0,7.0,530.0,825.0,319.0,622.0,31.0,39.0,28.0,40.0,41.0,71.0,186.0,390.0,82.0,213.0,0.0,0.0,0.0,0.0,2.0,0.0,28.0,29.0,17.0,17.0,11.0,5.0,152.0,252.0,7.0,16.0
Liverpool,Stoke City,4,1,2.0,1.0,433.0,352.0,63.8,36.2,6.0,2.0,831.0,575.0,625.0,352.0,47.0,48.0,33.0,17.0,62.0,55.0,379.0,232.0,199.0,100.0,0.0,0.0,0.0,0.0,2.0,0.0,26.0,25.0,15.0,15.0,7.0,20.0,259.0,130.0,9.0,6.0
Hull City,Manchester City,0,3,0.0,0.0,3511.0,4231.0,32.7,67.3,5.0,6.0,504.0,857.0,320.0,683.0,32.0,46.0,30.0,30.0,67.0,56.0,225.0,405.0,106.0,203.0,0.0,0.0,0.0,0.0,2.0,1.0,14.0,14.0,18.0,18.0,17.0,5.0,116.0,294.0,11.0,14.0
Arsenal,West Bromwich Albion,1,0,0.0,0.0,4231.0,4231.0,75.6,24.4,8.0,1.0,989.0,440.0,813.0,246.0,53.0,28.0,51.0,26.0,91.0,50.0,630.0,159.0,400.0,71.0,0.0,0.0,0.0,0.0,4.0,0.0,15.0,16.0,8.0,8.0,11.0,21.0,201.0,109.0,12.0,7.0
Burnley,Middlesbrough,1,0,0.0,0.0,442.0,433.0,45.6,54.4,2.0,4.0,496.0,595.0,321.0,396.0,42.0,41.0,35.0,32.0,77.0,61.0,227.0,246.0,115.0,106.0,0.0,0.0,0.0,0.0,3.0,4.0,10.0,11.0,16.0,16.0,15.0,25.0,111.0,165.0,17.0,18.0
Chelsea,AFC Bournemouth,3,0,1.0,0.0,343.0,3511.0,44.4,55.6,7.0,1.0,657.0,742.0,474.0,591.0,39.0,68.0,32.0,21.0,57.0,77.0,320.0,359.0,189.0,148.0,0.0,0.0,0.0,0.0,1.0,1.0,12.0,10.0,19.0,19.0,25.0,9.0,166.0,244.0,13.0,14.0
Leicester City,Everton,0,2,0.0,0.0,442.0,3421.0,42.0,58.0,3.0,5.0,573.0,744.0,393.0,549.0,42.0,42.0,33.0,18.0,72.0,74.0,296.0,326.0,147.0,164.0,0.0,0.0,0.0,0.0,3.0,3.0,19.0,14.0,12.0,12.0,15.0,12.0,117.0,241.0,14.0,7.0
Manchester United,Sunderland,3,1,1.0,0.0,433.0,433.0,62.2,37.8,11.0,2.0,793.0,524.0,607.0,365.0,44.0,50.0,48.0,26.0,70.0,71.0,395.0,245.0,225.0,125.0,0.0,0.0,0.0,0.0,4.0,2.0,8.0,11.0,14.0,14.0,10.0,11.0,236.0,138.0,6.0,9.0
Swansea City,West Ham United,1,4,1.0,0.0,433.0,4231.0,56.2,43.8,6.0,4.0,706.0,604.0,515.0,408.0,48.0,43.0,40.0,18.0,77.0,49.0,306.0,243.0,128.0,90.0,0.0,0.0,0.0,0.0,2.0,1.0,17.0,20.0,22.0,22.0,10.0,10.0,235.0,180.0,10.0,12.0
Watford,Crystal Palace,1,1,1.0,0.0,3421.0,4231.0,56.1,43.9,4.0,5.0,563.0,503.0,355.0,292.0,29.0,37.0,44.0,19.0,75.0,64.0,254.0,187.0,131.0,88.0,0.0,0.0,0.0,0.0,1.0,0.0,14.0,21.0,14.0,14.0,9.0,12.0,129.0,116.0,18.0,17.0
Everton,Liverpool,0,1,0.0,0.0,4231.0,433.0,32.3,67.7,3.0,5.0,488.0,827.0,285.0,607.0,41.0,51.0,17.0,41.0,60.0,84.0,206.0,384.0,100.0,198.0,0.0,0.0,0.0,0.0,1.0,1.0,16.0,20.0,19.0,19.0,19.0,14.0,93.0,243.0,13.0,9.0
Manchester City,Arsenal,2,1,1.0,0.0,4141.0,4231.0,60.6,39.4,7.0,5.0,773.0,565.0,594.0,388.0,51.0,33.0,31.0,14.0,75.0,41.0,418.0,207.0,219.0,76.0,0.0,0.0,0.0,0.0,4.0,1.0,19.0,15.0,19.0,19.0,11.0,14.0,197.0,189.0,9.0,13.0
Tottenham Hotspur,Burnley,2,1,1.0,1.0,4321.0,442.0,60.2,39.8,12.0,1.0,740.0,522.0,482.0,325.0,38.0,38.0,42.0,20.0,49.0,66.0,351.0,238.0,170.0,101.0,0.0,0.0,0.0,0.0,2.0,0.0,16.0,22.0,24.0,24.0,9.0,16.0,161.0,104.0,10.0,11.0
AFC Bournemouth,Southampton,1,3,1.0,1.0,4231.0,433.0,46.9,53.1,2.0,4.0,692.0,721.0,454.0,519.0,29.0,53.0,30.0,31.0,60.0,67.0,314.0,343.0,172.0,168.0,0.0,0.0,0.0,0.0,2.0,0.0,21.0,25.0,22.0,22.0,15.0,8.0,161.0,199.0,6.0,12.0
West Bromwich Albion,Manchester United,0,2,1.0,0.0,4231.0,433.0,42.1,57.9,6.0,4.0,582.0,760.0,401.0,574.0,51.0,58.0,30.0,24.0,75.0,69.0,293.0,334.0,154.0,151.0,0.0,0.0,0.0,0.0,3.0,2.0,13.0,15.0,13.0,13.0,14.0,22.0,131.0,248.0,9.0,13.0
Stoke City,Leicester City,2,2,2.0,0.0,4231.0,442.0,64.9,35.1,4.0,3.0,782.0,500.0,573.0,311.0,44.0,31.0,49.0,33.0,72.0,50.0,413.0,195.0,202.0,87.0,0.0,0.0,0.0,0.0,3.0,0.0,9.0,16.0,12.0,12.0,7.0,8.0,200.0,141.0,9.0,12.0
West Ham United,Hull City,1,0,0.0,0.0,3421.0,3511.0,56.3,43.7,4.0,8.0,624.0,513.0,419.0,322.0,50.0,31.0,28.0,28.0,57.0,70.0,277.0,227.0,123.0,125.0,0.0,0.0,0.0,0.0,1.0,9.0,7.0,20.0,10.0,10.0,21.0,11.0,165.0,115.0,13.0,9.0
Crystal Palace,Chelsea,0,1,1.0,0.0,4231.0,343.0,53.5,46.5,4.0,3.0,660.0,631.0,476.0,418.0,46.0,32.0,29.0,26.0,59.0,63.0,297.0,277.0,144.0,148.0,0.0,0.0,0.0,0.0,1.0,2.0,12.0,23.0,24.0,24.0,7.0,13.0,201.0,154.0,12.0,15.0
Crystal Palace,Manchester United,1,2,1.0,0.0,442.0,433.0,39.1,60.9,3.0,7.0,587.0,836.0,400.0,625.0,38.0,59.0,16.0,38.0,57.0,88.0,232.0,432.0,103.0,210.0,0.0,0.0,0.0,0.0,1.0,0.0,19.0,23.0,20.0,20.0,11.0,14.0,180.0,217.0,16.0,10.0
Manchester City,Watford,2,0,1.0,0.0,4231.0,442.0,63.4,36.6,4.0,3.0,707.0,491.0,501.0,287.0,34.0,22.0,36.0,17.0,55.0,60.0,327.0,166.0,206.0,86.0,0.0,0.0,0.0,0.0,3.0,3.0,20.0,11.0,19.0,19.0,11.0,15.0,194.0,131.0,16.0,20.0
Stoke City,Southampton,0,0,0.0,0.0,4231.0,4231.0,28.3,71.7,1.0,7.0,416.0,767.0,227.0,560.0,27.0,40.0,11.0,58.0,34.0,71.0,155.0,453.0,68.0,245.0,0.0,0.0,0.0,0.0,1.0,2.0,16.0,19.0,8.0,8.0,12.0,11.0,83.0,148.0,9.0,10.0
Tottenham Hotspur,Hull City,3,0,1.0,0.0,343.0,3511.0,63.4,36.6,6.0,1.0,862.0,554.0,670.0,383.0,55.0,34.0,27.0,30.0,65.0,64.0,369.0,257.0,175.0,127.0,0.0,0.0,0.0,0.0,2.0,4.0,6.0,15.0,17.0,17.0,5.0,23.0,318.0,141.0,6.0,14.0
West Bromwich Albion,Swansea City,3,1,0.0,0.0,4231.0,4231.0,39.5,60.5,5.0,2.0,575.0,731.0,350.0,520.0,32.0,54.0,24.0,41.0,68.0,61.0,228.0,291.0,134.0,99.0,0.0,0.0,0.0,0.0,3.0,1.0,18.0,25.0,19.0,19.0,20.0,8.0,136.0,266.0,8.0,8.0
Middlesbrough,Liverpool,0,3,1.0,0.0,433.0,433.0,37.1,62.9,1.0,4.0,587.0,859.0,393.0,679.0,48.0,46.0,26.0,26.0,48.0,86.0,203.0,426.0,78.0,192.0,0.0,0.0,0.0,0.0,1.0,4.0,19.0,19.0,8.0,8.0,15.0,14.0,205.0,268.0,11.0,14.0
Sunderland,Chelsea,0,1,1.0,0.0,343.0,343.0,33.9,66.1,4.0,10.0,494.0,815.0,314.0,619.0,39.0,55.0,23.0,42.0,65.0,97.0,201.0,440.0,94.0,247.0,0.0,0.0,0.0,0.0,1.0,3.0,14.0,16.0,15.0,15.0,19.0,12.0,126.0,203.0,15.0,10.0
West Ham United,Burnley,1,0,1.0,0.0,3421.0,442.0,58.4,41.6,10.0,4.0,610.0,453.0,440.0,312.0,56.0,33.0,27.0,33.0,66.0,72.0,283.0,206.0,146.0,109.0,0.0,0.0,0.0,0.0,3.0,0.0,7.0,11.0,14.0,14.0,8.0,7.0,173.0,116.0,12.0,15.0
AFC Bournemouth,Leicester City,1,0,1.0,0.0,4231.0,442.0,62.9,37.1,3.0,4.0,761.0,508.0,535.0,306.0,40.0,32.0,28.0,42.0,70.0,53.0,326.0,214.0,181.0,106.0,0.0,0.0,0.0,0.0,4.0,2.0,19.0,17.0,14.0,14.0,11.0,19.0,226.0,115.0,5.0,15.0
Everton,Arsenal,2,1,1.0,1.0,433.0,4231.0,41.5,58.5,5.0,6.0,575.0,737.0,358.0,530.0,35.0,47.0,34.0,36.0,61.0,61.0,259.0,332.0,140.0,172.0,0.0,0.0,0.0,0.0,1.0,2.0,23.0,19.0,26.0,26.0,9.0,14.0,125.0,208.0,10.0,10.0
Liverpool,West Ham United,2,2,1.0,2.0,433.0,4141.0,67.1,32.9,7.0,4.0,815.0,503.0,611.0,303.0,53.0,30.0,72.0,22.0,78.0,50.0,415.0,199.0,216.0,91.0,0.0,0.0,0.0,0.0,5.0,2.0,10.0,11.0,11.0,11.0,11.0,22.0,239.0,119.0,7.0,8.0
Manchester United,Tottenham Hotspur,1,0,1.0,0.0,433.0,4231.0,40.2,59.8,4.0,4.0,527.0,663.0,288.0,429.0,40.0,36.0,28.0,29.0,55.0,81.0,228.0,303.0,124.0,154.0,0.0,0.0,0.0,0.0,1.0,0.0,21.0,22.0,16.0,16.0,24.0,10.0,78.0,152.0,19.0,17.0
Southampton,Middlesbrough,1,0,0.0,0.0,433.0,433.0,55.1,44.9,6.0,1.0,716.0,610.0,510.0,418.0,54.0,38.0,30.0,23.0,64.0,59.0,320.0,242.0,120.0,103.0,0.0,0.0,0.0,0.0,3.0,2.0,11.0,23.0,18.0,18.0,19.0,14.0,215.0,194.0,14.0,12.0
Chelsea,West Bromwich Albion,1,0,0.0,0.0,343.0,4231.0,66.9,33.1,8.0,5.0,788.0,465.0,577.0,283.0,33.0,33.0,25.0,17.0,78.0,52.0,383.0,188.0,208.0,99.0,0.0,0.0,0.0,0.0,2.0,2.0,14.0,26.0,14.0,14.0,13.0,17.0,212.0,109.0,6.0,10.0
Leicester City,Manchester City,4,2,3.0,0.0,442.0,343.0,22.1,77.9,4.0,8.0,371.0,903.0,205.0,699.0,21.0,43.0,20.0,57.0,51.0,68.0,158.0,519.0,91.0,279.0,0.0,0.0,0.0,0.0,3.0,0.0,14.0,7.0,11.0,11.0,11.0,11.0,53.0,222.0,10.0,7.0
Arsenal,Stoke City,3,1,1.0,1.0,4231.0,3421.0,64.4,35.6,7.0,5.0,725.0,472.0,539.0,288.0,40.0,23.0,42.0,24.0,60.0,47.0,398.0,176.0,235.0,86.0,0.0,0.0,0.0,0.0,3.0,3.0,14.0,15.0,13.0,13.0,13.0,18.0,158.0,130.0,9.0,6.0
Burnley,AFC Bournemouth,3,2,2.0,1.0,4231.0,442.0,30.6,69.4,6.0,8.0,434.0,753.0,242.0,545.0,31.0,46.0,30.0,43.0,72.0,65.0,186.0,380.0,106.0,220.0,0.0,0.0,0.0,0.0,5.0,0.0,12.0,7.0,17.0,17.0,20.0,10.0,66.0,190.0,14.0,18.0
Hull City,Crystal Palace,3,3,1.0,0.0,3511.0,4231.0,56.9,43.1,7.0,6.0,620.0,516.0,448.0,340.0,39.0,33.0,37.0,24.0,72.0,46.0,317.0,215.0,154.0,89.0,0.0,0.0,0.0,0.0,2.0,0.0,20.0,7.0,12.0,12.0,5.0,4.0,154.0,142.0,16.0,14.0
Watford,Everton,3,2,1.0,1.0,433.0,4231.0,47.3,52.7,4.0,4.0,596.0,609.0,357.0,400.0,40.0,38.0,33.0,36.0,63.0,58.0,248.0,253.0,134.0,124.0,0.0,0.0,0.0,0.0,3.0,3.0,16.0,22.0,17.0,17.0,14.0,12.0,130.0,171.0,11.0,16.0
Everton,Manchester United,1,1,1.0,0.0,442.0,433.0,45.5,54.5,4.0,4.0,596.0,700.0,380.0,464.0,35.0,45.0,32.0,31.0,85.0,78.0,261.0,301.0,143.0,168.0,0.0,0.0,0.0,0.0,3.0,4.0,18.0,24.0,19.0,19.0,18.0,19.0,140.0,180.0,13.0,11.0
AFC Bournemouth,Liverpool,4,3,2.0,0.0,4231.0,433.0,39.8,60.2,2.0,5.0,592.0,766.0,376.0,563.0,32.0,46.0,22.0,36.0,42.0,75.0,200.0,360.0,87.0,201.0,0.0,0.0,0.0,0.0,1.0,1.0,20.0,19.0,13.0,13.0,12.0,11.0,189.0,233.0,9.0,17.0
West Ham United,Arsenal,1,5,1.0,0.0,3421.0,4231.0,50.5,49.5,5.0,6.0,667.0,681.0,491.0,483.0,44.0,42.0,26.0,30.0,64.0,61.0,347.0,321.0,158.0,173.0,0.0,0.0,0.0,0.0,2.0,0.0,12.0,17.0,18.0,18.0,18.0,17.0,161.0,173.0,10.0,11.0
Crystal Palace,Southampton,3,0,2.0,0.0,4231.0,433.0,41.6,58.4,3.0,10.0,560.0,685.0,338.0,458.0,37.0,26.0,19.0,45.0,69.0,70.0,224.0,310.0,127.0,163.0,0.0,0.0,0.0,0.0,0.0,0.0,22.0,34.0,23.0,23.0,12.0,9.0,125.0,179.0,11.0,13.0
Stoke City,Burnley,2,0,2.0,0.0,4231.0,442.0,55.9,44.1,3.0,5.0,654.0,545.0,448.0,339.0,39.0,34.0,19.0,44.0,66.0,80.0,247.0,256.0,134.0,157.0,0.0,0.0,0.0,0.0,3.0,5.0,17.0,17.0,9.0,9.0,11.0,20.0,211.0,106.0,7.0,13.0
Sunderland,Leicester City,2,1,0.0,0.0,433.0,442.0,53.5,46.5,10.0,5.0,635.0,564.0,415.0,358.0,47.0,32.0,37.0,28.0,63.0,68.0,275.0,250.0,147.0,129.0,0.0,0.0,0.0,0.0,1.0,3.0,13.0,14.0,22.0,22.0,15.0,16.0,162.0,130.0,8.0,12.0
Tottenham Hotspur,Swansea City,5,0,2.0,0.0,4231.0,433.0,60.0,40.0,7.0,0.0,811.0,572.0,575.0,379.0,53.0,42.0,36.0,16.0,77.0,48.0,338.0,190.0,177.0,66.0,0.0,0.0,0.0,0.0,3.0,4.0,16.0,23.0,21.0,21.0,6.0,12.0,254.0,203.0,11.0,17.0
West Bromwich Albion,Watford,3,1,2.0,0.0,4231.0,442.0,40.3,59.7,8.0,5.0,487.0,633.0,298.0,442.0,25.0,46.0,25.0,31.0,65.0,68.0,190.0,285.0,95.0,141.0,0.0,0.0,0.0,0.0,1.0,2.0,11.0,11.0,20.0,20.0,16.0,11.0,127.0,183.0,12.0,8.0
Manchester City,Chelsea,1,3,1.0,0.0,3421.0,343.0,60.7,39.3,7.0,5.0,741.0,565.0,541.0,364.0,38.0,36.0,37.0,20.0,59.0,50.0,361.0,202.0,172.0,110.0,0.0,0.0,0.0,0.0,2.0,1.0,11.0,18.0,27.0,27.0,22.0,13.0,216.0,171.0,14.0,9.0
Manchester United,West Ham United,1,1,1.0,1.0,4231.0,3421.0,68.4,31.6,7.0,4.0,834.0,474.0,611.0,278.0,51.0,28.0,52.0,18.0,92.0,42.0,434.0,187.0,217.0,81.0,0.0,0.0,0.0,0.0,4.0,2.0,16.0,16.0,13.0,13.0,14.0,12.0,213.0,109.0,16.0,16.0
Southampton,Everton,1,0,1.0,0.0,433.0,4231.0,52.9,47.1,7.0,11.0,679.0,634.0,461.0,415.0,50.0,33.0,31.0,27.0,57.0,68.0,325.0,303.0,148.0,144.0,0.0,0.0,0.0,0.0,0.0,0.0,22.0,23.0,19.0,19.0,20.0,16.0,161.0,130.0,11.0,15.0
Arsenal,AFC Bournemouth,3,1,1.0,1.0,4231.0,4231.0,51.5,48.5,7.0,5.0,693.0,672.0,466.0,432.0,41.0,30.0,38.0,33.0,62.0,59.0,329.0,270.0,183.0,138.0,0.0,0.0,0.0,0.0,1.0,4.0,24.0,17.0,25.0,25.0,20.0,19.0,160.0,189.0,12.0,13.0
Chelsea,Tottenham Hotspur,2,1,1.0,1.0,343.0,4231.0,45.9,54.1,3.0,5.0,599.0,671.0,386.0,459.0,28.0,43.0,24.0,25.0,54.0,80.0,203.0,332.0,117.0,147.0,0.0,0.0,0.0,0.0,3.0,3.0,23.0,22.0,16.0,16.0,17.0,10.0,197.0,146.0,13.0,16.0
Hull City,West Bromwich Albion,1,1,1.0,0.0,4411.0,4231.0,53.3,46.7,4.0,7.0,644.0,584.0,480.0,405.0,30.0,35.0,25.0,40.0,62.0,64.0,259.0,300.0,133.0,134.0,0.0,0.0,0.0,0.0,1.0,0.0,10.0,12.0,14.0,14.0,12.0,12.0,238.0,139.0,7.0,10.0
Leicester City,Middlesbrough,2,2,1.0,1.0,442.0,451.0,40.7,59.3,6.0,2.0,504.0,672.0,330.0,487.0,17.0,51.0,32.0,24.0,68.0,50.0,214.0,237.0,101.0,83.0,0.0,0.0,0.0,0.0,3.0,1.0,13.0,6.0,20.0,20.0,11.0,18.0,135.0,270.0,15.0,12.0
Liverpool,Sunderland,2,0,0.0,0.0,433.0,433.0,77.3,22.7,13.0,1.0,901.0,411.0,702.0,205.0,56.0,34.0,64.0,18.0,96.0,52.0,510.0,153.0,272.0,76.0,0.0,0.0,0.0,0.0,1.0,0.0,19.0,21.0,13.0,13.0,7.0,17.0,226.0,63.0,5.0,9.0
Swansea City,Crystal Palace,5,4,1.0,1.0,433.0,442.0,56.5,43.5,7.0,4.0,585.0,496.0,371.0,289.0,38.0,45.0,41.0,28.0,59.0,74.0,240.0,207.0,124.0,113.0,0.0,0.0,0.0,0.0,2.0,0.0,18.0,15.0,13.0,13.0,6.0,8.0,161.0,102.0,12.0,24.0
Burnley,Manchester City,1,2,1.0,1.0,4411.0,4231.0,33.3,66.7,8.0,0.0,454.0,749.0,266.0,545.0,36.0,38.0,34.0,21.0,74.0,54.0,216.0,320.0,113.0,159.0,0.0,0.0,0.0,0.0,4.0,3.0,12.0,13.0,8.0,8.0,19.0,8.0,68.0,243.0,8.0,15.0
West Bromwich Albion,Burnley,4,0,3.0,0.0,4231.0,4411.0,45.5,54.5,8.0,2.0,574.0,654.0,401.0,482.0,46.0,44.0,35.0,33.0,66.0,75.0,269.0,288.0,139.0,134.0,0.0,0.0,0.0,0.0,2.0,3.0,10.0,10.0,14.0,14.0,7.0,9.0,158.0,212.0,12.0,12.0
Middlesbrough,Chelsea,0,1,1.0,0.0,451.0,343.0,42.4,57.6,7.0,6.0,628.0,802.0,451.0,620.0,49.0,35.0,23.0,34.0,42.0,83.0,231.0,409.0,79.0,210.0,0.0,0.0,0.0,0.0,1.0,0.0,16.0,9.0,18.0,18.0,14.0,11.0,241.0,230.0,13.0,10.0
Tottenham Hotspur,West Ham United,3,2,1.0,0.0,4312.0,3421.0,66.9,33.1,4.0,3.0,801.0,525.0,595.0,294.0,54.0,30.0,39.0,17.0,77.0,44.0,349.0,182.0,156.0,90.0,0.0,0.0,0.0,0.0,2.0,6.0,15.0,22.0,13.0,13.0,5.0,23.0,273.0,127.0,13.0,16.0
Crystal Palace,Manchester City,1,2,1.0,0.0,4231.0,4231.0,38.3,61.7,4.0,5.0,480.0,662.0,276.0,447.0,37.0,46.0,23.0,30.0,77.0,57.0,200.0,275.0,115.0,128.0,0.0,0.0,0.0,0.0,1.0,1.0,26.0,15.0,25.0,25.0,14.0,9.0,93.0,194.0,12.0,15.0
Everton,Swansea City,1,1,1.0,0.0,4231.0,433.0,62.7,37.3,6.0,3.0,697.0,523.0,500.0,308.0,52.0,20.0,52.0,23.0,88.0,50.0,356.0,175.0,192.0,101.0,0.0,0.0,0.0,0.0,1.0,4.0,17.0,15.0,15.0,15.0,10.0,20.0,189.0,145.0,13.0,12.0
Southampton,Liverpool,0,0,0.0,0.0,433.0,433.0,35.4,64.6,2.0,8.0,575.0,883.0,368.0,661.0,35.0,54.0,16.0,32.0,56.0,81.0,191.0,466.0,88.0,203.0,0.0,0.0,0.0,0.0,2.0,2.0,25.0,22.0,40.0,40.0,18.0,15.0,185.0,219.0,8.0,11.0
Watford,Leicester City,2,1,2.0,1.0,343.0,442.0,45.8,54.2,7.0,3.0,592.0,610.0,353.0,410.0,28.0,45.0,23.0,37.0,61.0,80.0,243.0,279.0,109.0,129.0,0.0,0.0,0.0,0.0,1.0,0.0,15.0,17.0,18.0,18.0,19.0,14.0,127.0,162.0,12.0,18.0
Manchester United,Arsenal,1,1,0.0,0.0,433.0,4231.0,45.5,54.5,5.0,3.0,683.0,758.0,444.0,552.0,36.0,57.0,33.0,23.0,68.0,69.0,318.0,352.0,170.0,164.0,0.0,0.0,0.0,0.0,3.0,0.0,23.0,23.0,21.0,21.0,24.0,15.0,156.0,213.0,14.0,11.0
Leicester City,West Bromwich Albion,1,2,0.0,0.0,442.0,4231.0,59.1,40.9,3.0,3.0,715.0,559.0,520.0,358.0,50.0,38.0,40.0,30.0,86.0,62.0,318.0,250.0,169.0,113.0,0.0,0.0,0.0,0.0,4.0,0.0,14.0,17.0,26.0,26.0,8.0,18.0,227.0,129.0,8.0,8.0
Swansea City,Manchester United,1,3,3.0,0.0,442.0,4231.0,37.2,62.8,2.0,5.0,609.0,951.0,449.0,762.0,43.0,74.0,12.0,20.0,57.0,55.0,211.0,427.0,92.0,171.0,0.0,0.0,0.0,0.0,1.0,0.0,16.0,18.0,15.0,15.0,9.0,18.0,247.0,346.0,9.0,16.0
Hull City,Southampton,2,1,1.0,0.0,352.0,433.0,33.6,66.4,4.0,5.0,491.0,798.0,319.0,631.0,25.0,54.0,14.0,49.0,39.0,78.0,164.0,442.0,79.0,210.0,0.0,0.0,0.0,0.0,1.0,1.0,13.0,7.0,14.0,14.0,15.0,7.0,168.0,223.0,13.0,15.0
Liverpool,Watford,6,1,3.0,0.0,433.0,442.0,59.6,40.4,9.0,2.0,766.0,578.0,563.0,378.0,50.0,43.0,36.0,25.0,71.0,57.0,391.0,237.0,200.0,95.0,0.0,0.0,0.0,0.0,1.0,2.0,19.0,9.0,23.0,23.0,10.0,17.0,192.0,158.0,14.0,10.0
Arsenal,Tottenham Hotspur,1,1,1.0,0.0,4231.0,3421.0,45.7,54.3,9.0,7.0,644.0,731.0,423.0,522.0,38.0,51.0,45.0,22.0,58.0,71.0,317.0,278.0,190.0,132.0,0.0,0.0,0.0,0.0,7.0,1.0,23.0,15.0,29.0,29.0,36.0,15.0,132.0,256.0,11.0,17.0
Chelsea,Everton,5,0,3.0,0.0,343.0,532.0,60.1,39.9,5.0,1.0,886.0,620.0,685.0,463.0,50.0,41.0,41.0,12.0,71.0,56.0,418.0,265.0,219.0,108.0,0.0,0.0,0.0,0.0,2.0,1.0,26.0,23.0,13.0,13.0,11.0,9.0,289.0,207.0,5.0,16.0
Burnley,Crystal Palace,3,2,2.0,0.0,4411.0,4231.0,38.2,61.8,6.0,7.0,514.0,725.0,328.0,508.0,48.0,48.0,25.0,52.0,56.0,79.0,214.0,330.0,80.0,142.0,0.0,0.0,0.0,0.0,3.0,3.0,23.0,8.0,18.0,18.0,8.0,13.0,130.0,220.0,11.0,12.0
Manchester City,Middlesbrough,1,1,1.0,0.0,4141.0,451.0,71.0,29.0,11.0,1.0,838.0,450.0,632.0,266.0,33.0,30.0,55.0,5.0,96.0,38.0,495.0,158.0,294.0,50.0,0.0,0.0,0.0,0.0,5.0,2.0,15.0,17.0,7.0,7.0,15.0,13.0,170.0,114.0,7.0,15.0
West Ham United,Stoke City,1,1,0.0,0.0,343.0,4231.0,58.1,41.9,6.0,7.0,680.0,526.0,498.0,361.0,42.0,44.0,27.0,33.0,63.0,71.0,266.0,248.0,113.0,136.0,0.0,0.0,0.0,0.0,4.0,1.0,14.0,16.0,10.0,10.0,7.0,15.0,257.0,133.0,11.0,10.0
Southampton,Chelsea,0,2,1.0,0.0,41212.0,343.0,54.8,45.2,6.0,4.0,692.0,622.0,486.0,409.0,47.0,31.0,42.0,22.0,72.0,43.0,353.0,240.0,172.0,128.0,0.0,0.0,0.0,0.0,2.0,0.0,23.0,27.0,22.0,22.0,16.0,16.0,160.0,182.0,13.0,16.0
Everton,West Ham United,2,0,0.0,0.0,4231.0,3421.0,49.3,50.7,4.0,4.0,587.0,616.0,410.0,418.0,39.0,39.0,33.0,31.0,60.0,54.0,266.0,256.0,139.0,111.0,0.0,0.0,0.0,0.0,2.0,1.0,15.0,7.0,12.0,12.0,13.0,14.0,167.0,189.0,15.0,12.0
Crystal Palace,Liverpool,2,4,2.0,3.0,4231.0,433.0,44.7,55.3,1.0,5.0,641.0,737.0,417.0,518.0,50.0,37.0,23.0,30.0,77.0,84.0,263.0,339.0,144.0,202.0,0.0,0.0,0.0,0.0,4.0,1.0,27.0,23.0,12.0,12.0,16.0,8.0,168.0,196.0,15.0,5.0
Manchester United,Burnley,0,0,0.0,0.0,4231.0,442.0,72.2,27.8,8.0,5.0,859.0,452.0,646.0,244.0,55.0,28.0,66.0,29.0,73.0,67.0,470.0,173.0,240.0,92.0,0.0,0.0,0.0,0.0,2.0,0.0,8.0,17.0,11.0,11.0,11.0,19.0,214.0,88.0,12.0,9.0
Tottenham Hotspur,Leicester City,1,1,1.0,0.0,4231.0,442.0,64.1,35.9,11.0,4.0,724.0,469.0,493.0,275.0,46.0,30.0,44.0,28.0,73.0,64.0,320.0,201.0,161.0,125.0,0.0,0.0,0.0,0.0,2.0,1.0,11.0,19.0,7.0,7.0,9.0,26.0,199.0,89.0,11.0,20.0
West Bromwich Albion,Manchester City,0,4,2.0,0.0,4141.0,4231.0,30.1,69.9,7.0,4.0,431.0,835.0,281.0,675.0,35.0,46.0,21.0,30.0,40.0,74.0,156.0,405.0,71.0,186.0,0.0,0.0,0.0,0.0,3.0,3.0,12.0,10.0,13.0,13.0,9.0,9.0,141.0,283.0,17.0,10.0
Sunderland,Arsenal,1,4,1.0,0.0,451.0,4231.0,34.2,65.8,1.0,12.0,465.0,764.0,299.0,591.0,31.0,48.0,18.0,34.0,66.0,73.0,209.0,368.0,121.0,178.0,0.0,0.0,0.0,0.0,6.0,1.0,17.0,18.0,17.0,17.0,7.0,16.0,106.0,237.0,9.0,13.0
Chelsea,Manchester United,4,0,2.0,0.0,343.0,4231.0,43.9,56.1,3.0,6.0,657.0,774.0,447.0,556.0,31.0,31.0,19.0,44.0,51.0,60.0,254.0,449.0,117.0,220.0,0.0,0.0,0.0,0.0,2.0,3.0,18.0,21.0,21.0,21.0,27.0,19.0,204.0,138.0,7.0,17.0
Manchester City,Southampton,1,1,1.0,0.0,3421.0,4312.0,64.7,35.3,7.0,3.0,813.0,549.0,582.0,319.0,41.0,30.0,37.0,21.0,61.0,52.0,393.0,204.0,199.0,86.0,0.0,0.0,0.0,0.0,1.0,4.0,19.0,35.0,31.0,31.0,10.0,18.0,213.0,128.0,11.0,10.0
Liverpool,West Bromwich Albion,2,1,2.0,0.0,433.0,4141.0,67.5,32.5,7.0,4.0,849.0,493.0,662.0,318.0,55.0,40.0,38.0,22.0,67.0,65.0,408.0,228.0,192.0,108.0,0.0,0.0,0.0,0.0,3.0,3.0,16.0,18.0,9.0,9.0,9.0,14.0,277.0,104.0,9.0,13.0
Arsenal,Middlesbrough,0,0,0.0,0.0,4231.0,451.0,74.9,25.1,3.0,3.0,909.0,419.0,706.0,235.0,49.0,22.0,54.0,22.0,86.0,39.0,557.0,163.0,309.0,73.0,0.0,0.0,0.0,0.0,5.0,2.0,9.0,20.0,20.0,20.0,14.0,12.0,178.0,85.0,6.0,13.0
Burnley,Everton,2,1,1.0,0.0,4411.0,433.0,34.9,65.1,4.0,3.0,502.0,764.0,294.0,557.0,30.0,46.0,25.0,43.0,56.0,73.0,184.0,382.0,80.0,203.0,0.0,0.0,0.0,0.0,1.0,1.0,13.0,6.0,18.0,18.0,23.0,11.0,129.0,207.0,16.0,15.0
Leicester City,Crystal Palace,3,1,1.0,0.0,442.0,4231.0,44.6,55.4,7.0,7.0,617.0,737.0,403.0,487.0,34.0,52.0,29.0,40.0,72.0,61.0,291.0,281.0,167.0,132.0,0.0,0.0,0.0,0.0,1.0,3.0,18.0,17.0,18.0,18.0,10.0,25.0,130.0,238.0,10.0,8.0
West Ham United,Sunderland,1,0,0.0,0.0,343.0,451.0,64.4,35.6,9.0,4.0,778.0,480.0,541.0,296.0,47.0,27.0,48.0,19.0,83.0,60.0,384.0,199.0,187.0,94.0,0.0,0.0,0.0,0.0,3.0,1.0,13.0,16.0,11.0,11.0,21.0,17.0,188.0,113.0,10.0,13.0
AFC Bournemouth,Tottenham Hotspur,0,0,0.0,0.0,4231.0,4231.0,38.4,61.6,3.0,6.0,566.0,756.0,323.0,543.0,29.0,49.0,23.0,29.0,59.0,80.0,205.0,339.0,97.0,176.0,0.0,0.0,0.0,0.0,1.0,3.0,23.0,18.0,20.0,20.0,19.0,9.0,133.0,213.0,10.0,15.0
Liverpool,Manchester United,0,0,0.0,0.0,433.0,4231.0,64.6,35.4,3.0,5.0,837.0,593.0,627.0,342.0,43.0,44.0,32.0,16.0,67.0,69.0,349.0,257.0,160.0,107.0,0.0,0.0,0.0,0.0,2.0,5.0,22.0,28.0,23.0,23.0,15.0,27.0,292.0,97.0,14.0,20.0
Southampton,Burnley,3,1,0.0,0.0,41212.0,451.0,64.6,35.4,9.0,4.0,750.0,488.0,553.0,307.0,52.0,37.0,50.0,19.0,75.0,55.0,405.0,201.0,179.0,92.0,0.0,0.0,0.0,0.0,1.0,0.0,8.0,12.0,13.0,13.0,8.0,16.0,189.0,119.0,11.0,10.0
Crystal Palace,West Ham United,0,1,1.0,0.0,4231.0,3421.0,55.2,44.8,8.0,5.0,619.0,551.0,411.0,351.0,50.0,42.0,44.0,24.0,60.0,57.0,237.0,242.0,92.0,99.0,0.0,0.0,0.0,0.0,1.0,1.0,9.0,25.0,20.0,20.0,12.0,13.0,208.0,125.0,12.0,13.0
Arsenal,Swansea City,3,2,2.0,1.0,4231.0,4411.0,48.7,51.3,7.0,5.0,743.0,724.0,514.0,525.0,54.0,53.0,34.0,28.0,67.0,59.0,353.0,315.0,217.0,139.0,0.0,0.0,0.0,0.0,9.0,2.0,17.0,26.0,24.0,24.0,27.0,18.0,172.0,232.0,7.0,10.0
Manchester City,Everton,1,1,0.0,0.0,343.0,433.0,72.6,27.4,5.0,1.0,878.0,478.0,661.0,255.0,37.0,32.0,59.0,13.0,80.0,42.0,519.0,146.0,303.0,70.0,0.0,0.0,0.0,0.0,6.0,0.0,17.0,25.0,22.0,22.0,11.0,21.0,186.0,119.0,7.0,9.0
West Bromwich Albion,Tottenham Hotspur,1,1,0.0,0.0,4231.0,4141.0,28.5,71.5,3.0,3.0,410.0,812.0,228.0,601.0,20.0,37.0,26.0,34.0,46.0,81.0,178.0,388.0,95.0,205.0,0.0,0.0,0.0,0.0,1.0,3.0,16.0,11.0,19.0,19.0,11.0,8.0,71.0,236.0,14.0,10.0
Chelsea,Leicester City,3,0,2.0,0.0,343.0,442.0,54.9,45.1,6.0,3.0,768.0,627.0,553.0,449.0,54.0,46.0,32.0,31.0,71.0,58.0,322.0,297.0,158.0,104.0,0.0,0.0,0.0,0.0,1.0,0.0,19.0,20.0,12.0,12.0,19.0,18.0,252.0,174.0,6.0,12.0
Burnley,Arsenal,0,1,0.0,0.0,451.0,4231.0,32.8,67.2,6.0,8.0,556.0,938.0,351.0,741.0,32.0,47.0,24.0,43.0,64.0,71.0,198.0,517.0,100.0,278.0,0.0,0.0,0.0,0.0,4.0,0.0,26.0,16.0,15.0,15.0,21.0,10.0,173.0,245.0,2.0,3.0
Leicester City,Southampton,0,0,0.0,0.0,442.0,41212.0,38.1,61.9,5.0,3.0,564.0,796.0,390.0,627.0,38.0,65.0,22.0,40.0,48.0,61.0,214.0,350.0,83.0,139.0,0.0,0.0,0.0,0.0,1.0,2.0,16.0,19.0,13.0,13.0,13.0,10.0,187.0,305.0,9.0,9.0
Tottenham Hotspur,Manchester City,2,0,2.0,0.0,4141.0,4231.0,42.3,57.7,4.0,3.0,576.0,740.0,348.0,484.0,29.0,33.0,28.0,26.0,67.0,71.0,240.0,267.0,140.0,142.0,0.0,0.0,0.0,0.0,8.0,5.0,23.0,27.0,19.0,19.0,14.0,21.0,122.0,228.0,20.0,10.0
Manchester United,Stoke City,1,1,0.0,0.0,4231.0,4231.0,67.2,32.8,7.0,1.0,772.0,469.0,534.0,268.0,51.0,32.0,52.0,22.0,62.0,66.0,389.0,193.0,200.0,112.0,0.0,0.0,0.0,0.0,1.0,1.0,22.0,14.0,9.0,9.0,20.0,10.0,183.0,86.0,14.0,9.0
Hull City,Chelsea,0,2,0.0,0.0,451.0,343.0,40.9,59.1,3.0,9.0,595.0,759.0,385.0,554.0,40.0,51.0,21.0,39.0,58.0,65.0,201.0,376.0,95.0,208.0,0.0,0.0,0.0,0.0,1.0,0.0,23.0,19.0,21.0,21.0,21.0,13.0,199.0,207.0,13.0,15.0
Sunderland,West Bromwich Albion,1,1,1.0,0.0,4141.0,4411.0,55.9,44.1,4.0,7.0,631.0,524.0,424.0,326.0,35.0,40.0,34.0,31.0,80.0,64.0,299.0,244.0,153.0,120.0,0.0,0.0,0.0,0.0,2.0,1.0,17.0,17.0,13.0,13.0,24.0,10.0,145.0,109.0,7.0,13.0
West Ham United,Middlesbrough,1,1,0.0,0.0,433.0,4411.0,40.3,59.7,11.0,4.0,544.0,667.0,327.0,482.0,20.0,50.0,26.0,28.0,65.0,61.0,198.0,256.0,97.0,96.0,0.0,0.0,0.0,0.0,5.0,2.0,12.0,27.0,10.0,10.0,23.0,11.0,142.0,250.0,13.0,12.0
Swansea City,Liverpool,1,2,1.0,0.0,433.0,433.0,40.6,59.4,4.0,3.0,625.0,804.0,406.0,595.0,44.0,45.0,20.0,48.0,49.0,81.0,225.0,393.0,93.0,219.0,0.0,0.0,0.0,0.0,1.0,2.0,22.0,18.0,26.0,26.0,17.0,13.0,197.0,234.0,11.0,9.0
Everton,Crystal Palace,1,1,1.0,0.0,4312.0,4231.0,56.6,43.4,6.0,2.0,624.0,516.0,398.0,297.0,32.0,31.0,37.0,36.0,68.0,55.0,295.0,224.0,162.0,104.0,0.0,0.0,0.0,0.0,3.0,1.0,18.0,14.0,17.0,17.0,12.0,11.0,133.0,104.0,16.0,11.0
Burnley,Watford,2,0,1.0,0.0,451.0,532.0,43.5,56.5,3.0,4.0,555.0,658.0,349.0,469.0,43.0,41.0,37.0,24.0,65.0,66.0,246.0,255.0,112.0,116.0,0.0,0.0,0.0,0.0,5.0,0.0,18.0,15.0,10.0,10.0,15.0,13.0,127.0,227.0,11.0,15.0
West Ham United,Southampton,0,3,1.0,0.0,4231.0,41212.0,45.1,54.9,7.0,5.0,576.0,652.0,370.0,472.0,36.0,46.0,45.0,28.0,47.0,53.0,265.0,277.0,111.0,119.0,0.0,0.0,0.0,0.0,0.0,0.0,7.0,19.0,19.0,19.0,28.0,12.0,133.0,211.0,9.0,14.0
Arsenal,Chelsea,3,0,3.0,0.0,4231.0,4141.0,49.5,50.5,5.0,5.0,731.0,738.0,529.0,538.0,45.0,42.0,37.0,29.0,63.0,71.0,393.0,336.0,196.0,183.0,0.0,0.0,0.0,0.0,5.0,2.0,18.0,21.0,18.0,18.0,20.0,11.0,156.0,220.0,9.0,11.0
AFC Bournemouth,Everton,1,0,1.0,0.0,4231.0,4231.0,52.8,47.2,7.0,6.0,638.0,581.0,422.0,367.0,43.0,35.0,22.0,23.0,65.0,63.0,279.0,237.0,142.0,125.0,0.0,0.0,0.0,0.0,1.0,2.0,18.0,26.0,19.0,19.0,11.0,10.0,158.0,153.0,10.0,14.0
Liverpool,Hull City,5,1,3.0,0.0,433.0,451.0,74.2,25.8,9.0,1.0,938.0,429.0,763.0,263.0,41.0,26.0,50.0,9.0,100.0,26.0,583.0,90.0,356.0,34.0,0.0,0.0,0.0,0.0,1.0,0.0,17.0,19.0,11.0,11.0,6.0,9.0,200.0,178.0,8.0,8.0
Middlesbrough,Tottenham Hotspur,1,2,2.0,0.0,4231.0,433.0,41.6,58.4,2.0,7.0,587.0,750.0,391.0,550.0,38.0,45.0,21.0,37.0,55.0,81.0,205.0,349.0,89.0,182.0,0.0,0.0,0.0,0.0,3.0,0.0,31.0,15.0,18.0,18.0,25.0,7.0,197.0,218.0,14.0,9.0
Stoke City,West Bromwich Albion,1,1,0.0,0.0,433.0,4141.0,56.2,43.8,4.0,3.0,588.0,509.0,405.0,319.0,42.0,26.0,41.0,25.0,58.0,65.0,240.0,213.0,125.0,102.0,0.0,0.0,0.0,0.0,1.0,1.0,19.0,14.0,13.0,13.0,4.0,11.0,189.0,122.0,9.0,13.0
Sunderland,Crystal Palace,2,3,1.0,0.0,433.0,4231.0,44.6,55.4,4.0,13.0,564.0,658.0,360.0,450.0,34.0,40.0,31.0,39.0,73.0,80.0,252.0,266.0,137.0,126.0,0.0,0.0,0.0,0.0,3.0,2.0,15.0,15.0,14.0,14.0,19.0,13.0,129.0,206.0,15.0,12.0
Swansea City,Manchester City,1,3,1.0,1.0,4231.0,4141.0,41.6,58.4,7.0,9.0,579.0,760.0,391.0,566.0,41.0,45.0,27.0,36.0,47.0,63.0,215.0,311.0,93.0,166.0,0.0,0.0,0.0,0.0,1.0,2.0,13.0,11.0,17.0,17.0,21.0,20.0,198.0,274.0,15.0,9.0
Manchester United,Leicester City,4,1,4.0,0.0,4231.0,442.0,67.3,32.7,8.0,1.0,912.0,494.0,712.0,336.0,62.0,29.0,30.0,25.0,69.0,54.0,417.0,221.0,171.0,104.0,0.0,0.0,0.0,0.0,4.0,1.0,15.0,14.0,11.0,11.0,20.0,14.0,313.0,131.0,9.0,12.0
Tottenham Hotspur,Sunderland,1,0,0.0,0.0,4231.0,433.0,73.7,26.3,15.0,3.0,835.0,407.0,613.0,224.0,54.0,17.0,47.0,17.0,72.0,43.0,394.0,146.0,190.0,57.0,0.0,0.0,0.0,0.0,0.0,0.0,16.0,26.0,8.0,8.0,6.0,15.0,249.0,85.0,7.0,16.0
Crystal Palace,Stoke City,4,1,2.0,0.0,4231.0,4231.0,56.5,43.5,2.0,6.0,706.0,562.0,459.0,350.0,42.0,50.0,28.0,32.0,46.0,57.0,245.0,250.0,100.0,112.0,0.0,0.0,0.0,0.0,2.0,3.0,26.0,28.0,12.0,12.0,18.0,11.0,241.0,125.0,15.0,9.0
Southampton,Swansea City,1,0,0.0,0.0,41212.0,433.0,53.0,47.0,9.0,5.0,644.0,581.0,442.0,402.0,60.0,38.0,41.0,21.0,60.0,57.0,319.0,254.0,143.0,110.0,0.0,0.0,0.0,0.0,5.0,1.0,11.0,14.0,17.0,17.0,20.0,8.0,157.0,166.0,14.0,9.0
Watford,Manchester United,3,1,1.0,0.0,3412.0,4231.0,39.9,60.1,3.0,9.0,462.0,630.0,284.0,417.0,30.0,44.0,25.0,35.0,43.0,60.0,206.0,288.0,99.0,123.0,0.0,0.0,0.0,0.0,2.0,0.0,19.0,15.0,16.0,16.0,13.0,17.0,91.0,161.0,14.0,19.0
Everton,Middlesbrough,3,1,3.0,1.0,4231.0,4231.0,52.2,47.8,4.0,3.0,749.0,696.0,544.0,502.0,36.0,52.0,29.0,19.0,58.0,62.0,278.0,277.0,140.0,121.0,0.0,0.0,0.0,0.0,4.0,3.0,20.0,22.0,20.0,20.0,4.0,24.0,288.0,243.0,5.0,15.0
Hull City,Arsenal,1,4,1.0,0.0,433.0,4231.0,39.3,60.7,2.0,6.0,678.0,963.0,508.0,801.0,48.0,60.0,14.0,41.0,37.0,75.0,210.0,582.0,81.0,334.0,0.0,0.0,0.0,0.0,3.0,2.0,18.0,17.0,17.0,17.0,12.0,18.0,316.0,232.0,9.0,12.0
Leicester City,Burnley,3,0,1.0,0.0,442.0,451.0,59.0,41.0,3.0,4.0,695.0,552.0,517.0,361.0,51.0,27.0,33.0,16.0,87.0,59.0,336.0,202.0,155.0,94.0,0.0,0.0,0.0,0.0,2.0,4.0,12.0,14.0,21.0,21.0,12.0,15.0,206.0,172.0,10.0,9.0
Manchester City,AFC Bournemouth,4,0,2.0,0.0,4231.0,451.0,64.2,35.8,4.0,3.0,769.0,495.0,591.0,320.0,31.0,28.0,30.0,14.0,76.0,27.0,352.0,151.0,190.0,66.0,0.0,0.0,0.0,0.0,1.0,2.0,25.0,14.0,14.0,14.0,16.0,15.0,251.0,180.0,8.0,11.0
West Bromwich Albion,West Ham United,4,2,3.0,0.0,4231.0,4231.0,29.6,70.4,2.0,9.0,426.0,830.0,260.0,622.0,31.0,56.0,14.0,39.0,43.0,78.0,158.0,420.0,77.0,195.0,0.0,0.0,0.0,0.0,1.0,1.0,17.0,22.0,13.0,13.0,13.0,25.0,113.0,228.0,14.0,6.0
Chelsea,Liverpool,1,2,2.0,0.0,4231.0,433.0,52.7,47.3,3.0,2.0,778.0,691.0,540.0,497.0,46.0,46.0,36.0,24.0,69.0,56.0,321.0,329.0,164.0,169.0,0.0,0.0,0.0,0.0,6.0,2.0,18.0,20.0,11.0,11.0,19.0,13.0,247.0,183.0,6.0,13.0
Sunderland,Everton,0,3,0.0,0.0,4411.0,4231.0,33.5,66.5,1.0,8.0,452.0,752.0,286.0,571.0,19.0,65.0,19.0,28.0,51.0,65.0,205.0,309.0,110.0,139.0,0.0,0.0,0.0,0.0,1.0,0.0,10.0,27.0,10.0,10.0,14.0,5.0,93.0,283.0,11.0,8.0
Swansea City,Chelsea,2,2,1.0,0.0,3511.0,4141.0,44.9,55.1,2.0,12.0,582.0,697.0,399.0,488.0,45.0,44.0,21.0,38.0,53.0,52.0,246.0,277.0,97.0,151.0,0.0,0.0,0.0,0.0,3.0,0.0,19.0,18.0,29.0,29.0,10.0,10.0,168.0,232.0,17.0,9.0
Liverpool,Leicester City,4,1,2.0,1.0,433.0,442.0,62.7,37.3,2.0,4.0,800.0,525.0,612.0,346.0,61.0,33.0,19.0,45.0,74.0,71.0,352.0,258.0,185.0,120.0,0.0,0.0,0.0,0.0,3.0,1.0,17.0,18.0,24.0,24.0,7.0,8.0,267.0,109.0,4.0,8.0
Arsenal,Southampton,2,1,1.0,1.0,4231.0,433.0,56.7,43.3,7.0,4.0,805.0,640.0,588.0,457.0,44.0,41.0,47.0,22.0,69.0,67.0,419.0,276.0,199.0,131.0,0.0,0.0,0.0,0.0,2.0,0.0,13.0,16.0,25.0,25.0,20.0,18.0,197.0,197.0,10.0,8.0
AFC Bournemouth,West Bromwich Albion,1,0,0.0,0.0,4411.0,4231.0,63.5,36.5,5.0,6.0,697.0,463.0,477.0,272.0,35.0,32.0,40.0,26.0,59.0,64.0,321.0,187.0,174.0,110.0,0.0,0.0,0.0,0.0,1.0,1.0,15.0,16.0,21.0,21.0,13.0,16.0,183.0,102.0,9.0,11.0
Burnley,Hull City,1,1,0.0,0.0,442.0,4141.0,38.8,61.2,6.0,8.0,578.0,819.0,395.0,625.0,54.0,41.0,23.0,30.0,67.0,62.0,251.0,285.0,102.0,142.0,8.0,6.0,6.0,5.0,3.0,0.0,10.0,14.0,16.0,16.0,21.0,23.0,162.0,364.0,13.0,3.0
Middlesbrough,Crystal Palace,1,2,1.0,1.0,4231.0,4231.0,57.7,42.3,5.0,4.0,736.0,606.0,526.0,390.0,56.0,37.0,33.0,27.0,69.0,60.0,329.0,231.0,143.0,109.0,0.0,0.0,0.0,0.0,3.0,1.0,24.0,24.0,10.0,10.0,12.0,18.0,230.0,179.0,5.0,9.0
Stoke City,Tottenham Hotspur,0,4,1.0,0.0,4231.0,4231.0,39.7,60.3,7.0,4.0,541.0,700.0,325.0,510.0,30.0,42.0,36.0,38.0,49.0,71.0,221.0,308.0,104.0,153.0,0.0,0.0,0.0,0.0,2.0,0.0,23.0,8.0,15.0,15.0,20.0,11.0,127.0,220.0,13.0,18.0
West Ham United,Watford,2,4,2.0,2.0,4231.0,532.0,57.9,42.1,11.0,3.0,672.0,502.0,445.0,325.0,44.0,24.0,37.0,28.0,60.0,52.0,294.0,187.0,145.0,104.0,11.0,3.0,8.0,10.0,2.0,1.0,12.0,24.0,9.0,9.0,26.0,5.0,176.0,151.0,10.0,15.0
Manchester United,Manchester City,1,2,1.0,2.0,4231.0,433.0,39.9,60.1,6.0,8.0,612.0,824.0,376.0,593.0,34.0,45.0,34.0,27.0,58.0,81.0,254.0,372.0,125.0,193.0,0.0,0.0,0.0,0.0,3.0,3.0,24.0,23.0,24.0,24.0,25.0,23.0,147.0,233.0,15.0,10.0
Manchester City,West Ham United,3,1,2.0,0.0,433.0,352.0,67.1,32.9,10.0,5.0,794.0,468.0,587.0,274.0,48.0,41.0,35.0,18.0,68.0,59.0,356.0,179.0,178.0,85.0,0.0,0.0,0.0,0.0,3.0,3.0,21.0,19.0,23.0,23.0,9.0,18.0,246.0,113.0,5.0,10.0
West Bromwich Albion,Middlesbrough,0,0,0.0,0.0,4231.0,4231.0,41.0,59.0,6.0,4.0,527.0,707.0,350.0,515.0,42.0,53.0,37.0,25.0,65.0,60.0,237.0,301.0,113.0,105.0,0.0,0.0,0.0,0.0,1.0,3.0,16.0,22.0,16.0,16.0,11.0,13.0,135.0,233.0,12.0,11.0
Hull City,Manchester United,0,1,0.0,0.0,433.0,4231.0,37.9,62.1,4.0,12.0,593.0,824.0,394.0,615.0,27.0,46.0,9.0,58.0,48.0,90.0,179.0,498.0,82.0,286.0,0.0,0.0,0.0,0.0,1.0,0.0,20.0,14.0,16.0,16.0,17.0,12.0,222.0,158.0,9.0,6.0
Chelsea,Burnley,3,0,2.0,0.0,4141.0,442.0,60.1,39.9,7.0,4.0,813.0,584.0,626.0,410.0,45.0,36.0,39.0,26.0,70.0,72.0,359.0,244.0,223.0,103.0,0.0,0.0,0.0,0.0,1.0,2.0,9.0,17.0,18.0,18.0,10.0,17.0,293.0,186.0,6.0,9.0
Crystal Palace,AFC Bournemouth,1,1,1.0,0.0,4411.0,433.0,59.4,40.6,12.0,4.0,689.0,514.0,447.0,326.0,54.0,35.0,60.0,21.0,63.0,62.0,318.0,196.0,160.0,108.0,0.0,0.0,0.0,0.0,5.0,2.0,19.0,17.0,7.0,7.0,21.0,9.0,175.0,142.0,15.0,10.0
Everton,Stoke City,1,0,0.0,0.0,4231.0,433.0,54.9,45.1,7.0,4.0,697.0,602.0,482.0,395.0,44.0,38.0,37.0,33.0,71.0,53.0,305.0,239.0,158.0,108.0,0.0,0.0,0.0,0.0,3.0,1.0,21.0,26.0,9.0,9.0,11.0,7.0,196.0,174.0,14.0,11.0
Leicester City,Swansea City,2,1,1.0,0.0,442.0,4231.0,52.2,47.8,5.0,5.0,623.0,583.0,408.0,363.0,39.0,34.0,29.0,31.0,63.0,47.0,271.0,187.0,140.0,86.0,0.0,0.0,0.0,0.0,3.0,1.0,15.0,21.0,19.0,19.0,20.0,10.0,155.0,199.0,14.0,10.0
Southampton,Sunderland,1,1,0.0,0.0,41212.0,41212.0,63.8,36.2,5.0,2.0,671.0,453.0,480.0,270.0,38.0,26.0,31.0,28.0,66.0,70.0,310.0,189.0,160.0,109.0,0.0,0.0,0.0,0.0,4.0,2.0,16.0,13.0,16.0,16.0,20.0,16.0,191.0,97.0,15.0,8.0
Watford,Arsenal,1,3,3.0,0.0,352.0,4231.0,45.3,54.7,6.0,2.0,584.0,724.0,397.0,490.0,38.0,54.0,33.0,29.0,60.0,68.0,260.0,303.0,127.0,141.0,0.0,0.0,0.0,0.0,1.0,2.0,14.0,22.0,13.0,13.0,11.0,15.0,163.0,203.0,18.0,15.0
Tottenham Hotspur,Liverpool,1,1,1.0,0.0,4231.0,433.0,49.3,50.7,5.0,4.0,631.0,661.0,419.0,433.0,48.0,33.0,27.0,34.0,70.0,68.0,268.0,256.0,138.0,150.0,0.0,0.0,0.0,0.0,2.0,6.0,22.0,20.0,35.0,35.0,10.0,14.0,168.0,189.0,11.0,17.0
West Ham United,AFC Bournemouth,1,0,0.0,0.0,4231.0,4411.0,46.8,53.2,9.0,1.0,554.0,583.0,355.0,410.0,33.0,53.0,27.0,24.0,62.0,56.0,261.0,233.0,131.0,100.0,7.0,4.0,9.0,4.0,1.0,1.0,16.0,10.0,14.0,14.0,30.0,14.0,116.0,192.0,15.0,15.0
Leicester City,Arsenal,0,0,0.0,0.0,442.0,4231.0,39.5,60.5,2.0,4.0,586.0,810.0,362.0,555.0,33.0,42.0,29.0,37.0,58.0,62.0,265.0,386.0,144.0,190.0,0.0,0.0,0.0,0.0,1.0,2.0,23.0,20.0,24.0,24.0,29.0,21.0,113.0,190.0,11.0,7.0
Burnley,Liverpool,2,0,2.0,0.0,442.0,433.0,19.6,80.4,1.0,13.0,380.0,1032.0,210.0,848.0,19.0,61.0,7.0,48.0,50.0,94.0,125.0,572.0,68.0,364.0,0.0,0.0,0.0,0.0,3.0,0.0,13.0,18.0,22.0,22.0,18.0,8.0,88.0,304.0,14.0,5.0
Tottenham Hotspur,Crystal Palace,1,0,0.0,0.0,4231.0,4231.0,56.9,43.1,9.0,6.0,674.0,574.0,440.0,325.0,40.0,34.0,29.0,35.0,66.0,75.0,275.0,237.0,129.0,124.0,0.0,0.0,0.0,0.0,2.0,0.0,29.0,28.0,14.0,14.0,8.0,27.0,186.0,115.0,19.0,9.0
Watford,Chelsea,1,2,0.0,0.0,3142.0,4141.0,37.6,62.4,2.0,6.0,530.0,767.0,330.0,560.0,20.0,47.0,21.0,43.0,46.0,65.0,174.0,342.0,77.0,196.0,0.0,0.0,0.0,0.0,1.0,2.0,25.0,17.0,16.0,16.0,15.0,15.0,169.0,243.0,20.0,10.0
West Bromwich Albion,Everton,1,2,1.0,1.0,442.0,3421.0,33.6,66.4,5.0,5.0,466.0,766.0,283.0,580.0,22.0,47.0,26.0,24.0,58.0,69.0,178.0,366.0,103.0,181.0,0.0,0.0,0.0,0.0,1.0,0.0,23.0,16.0,17.0,17.0,17.0,11.0,123.0,231.0,16.0,10.0
Stoke City,Manchester City,1,4,2.0,0.0,433.0,433.0,42.5,57.5,3.0,2.0,571.0,704.0,361.0,493.0,35.0,45.0,26.0,30.0,54.0,55.0,198.0,326.0,99.0,149.0,0.0,0.0,0.0,0.0,3.0,1.0,22.0,20.0,15.0,15.0,13.0,17.0,179.0,185.0,12.0,13.0
Manchester United,Southampton,2,0,1.0,0.0,4231.0,41212.0,43.4,56.6,6.0,9.0,609.0,716.0,408.0,533.0,29.0,40.0,30.0,26.0,35.0,67.0,245.0,381.0,111.0,176.0,0.0,0.0,0.0,0.0,2.0,2.0,11.0,25.0,20.0,20.0,14.0,16.0,181.0,175.0,11.0,8.0
Chelsea,West Ham United,2,1,0.0,0.0,4141.0,433.0,61.7,38.3,6.0,2.0,770.0,527.0,556.0,350.0,53.0,35.0,38.0,10.0,86.0,47.0,346.0,168.0,185.0,78.0,0.0,0.0,0.0,0.0,1.0,1.0,18.0,25.0,13.0,13.0,7.0,19.0,230.0,189.0,16.0,16.0
Arsenal,Liverpool,3,4,1.0,1.0,4231.0,433.0,50.7,49.3,3.0,3.0,687.0,674.0,485.0,479.0,43.0,27.0,35.0,21.0,53.0,60.0,271.0,260.0,138.0,139.0,0.0,0.0,0.0,0.0,4.0,3.0,22.0,21.0,21.0,21.0,17.0,7.0,233.0,229.0,13.0,17.0
AFC Bournemouth,Manchester United,1,3,1.0,0.0,433.0,4231.0,47.4,52.6,2.0,2.0,677.0,743.0,483.0,561.0,43.0,49.0,26.0,13.0,61.0,42.0,315.0,264.0,156.0,116.0,0.0,0.0,0.0,0.0,3.0,4.0,15.0,27.0,19.0,19.0,10.0,13.0,192.0,304.0,7.0,10.0
Manchester City,Sunderland,2,1,1.0,0.0,4231.0,4231.0,76.9,23.1,8.0,2.0,864.0,395.0,681.0,189.0,50.0,18.0,37.0,25.0,83.0,43.0,460.0,135.0,217.0,63.0,0.0,0.0,0.0,0.0,1.0,2.0,5.0,17.0,15.0,15.0,9.0,12.0,245.0,74.0,11.0,14.0
Burnley,Swansea City,0,1,0.0,0.0,442.0,433.0,47.5,52.5,5.0,6.0,558.0,613.0,353.0,383.0,41.0,57.0,40.0,32.0,92.0,39.0,252.0,227.0,146.0,84.0,0.0,0.0,0.0,0.0,3.0,2.0,14.0,19.0,17.0,17.0,18.0,22.0,124.0,184.0,10.0,14.0
Crystal Palace,West Bromwich Albion,0,1,0.0,0.0,4231.0,442.0,62.3,37.7,7.0,8.0,620.0,476.0,414.0,245.0,45.0,30.0,30.0,26.0,63.0,61.0,290.0,181.0,137.0,92.0,0.0,0.0,0.0,0.0,2.0,0.0,28.0,18.0,20.0,20.0,17.0,19.0,149.0,85.0,12.0,15.0
Everton,Tottenham Hotspur,1,1,1.0,0.0,343.0,4231.0,42.5,57.5,4.0,4.0,590.0,710.0,361.0,483.0,30.0,39.0,19.0,35.0,76.0,77.0,226.0,322.0,107.0,176.0,0.0,0.0,0.0,0.0,5.0,0.0,25.0,18.0,27.0,27.0,16.0,15.0,147.0,182.0,10.0,14.0
Southampton,Watford,1,1,1.0,0.0,41212.0,352.0,64.3,35.7,10.0,4.0,795.0,522.0,583.0,325.0,51.0,36.0,45.0,21.0,72.0,58.0,383.0,211.0,171.0,99.0,0.0,0.0,0.0,0.0,1.0,0.0,13.0,25.0,13.0,13.0,16.0,18.0,231.0,129.0,8.0,12.0
Hull City,Leicester City,2,1,1.0,0.0,433.0,442.0,49.7,50.3,7.0,9.0,645.0,619.0,449.0,453.0,34.0,42.0,17.0,28.0,56.0,68.0,188.0,267.0,93.0,129.0,0.0,0.0,0.0,0.0,1.0,0.0,20.0,14.0,14.0,14.0,18.0,9.0,275.0,198.0,8.0,17.0
